band	id
'E Zezi	975509
1782	6946416
2 Minuta Dreka	434854
24 Grana	1025541
291out	3239107
3/4HadBeenEliminated	554116
49ers	34155
8 Mix	88916
883	137933
99 Posse	389919
999999999	3693507
A Short Apnea	170103
A Toys Orchestra	859438
A.T.R.O.X.	680430
Abhor	417464
Aborym	263902
Above the Tree	1766082
Abysmal Grief	760924
Accademia	1107052
Accordo dei Contrari	1546377
Achille Lauro	3781613
Achille Millo	1615158
Achille Togliani	917508
Acirne	1067157
Acqua Fragile	1136505
Ad Nauseam	4349144
Ada Montellanico	2292319
Ada Neri	1051279
Adel Valentine	2008212
Adramelch	1605129
Adriana Martino	1024685
Adriano Celentano	36543
Adriano Dodici	441786
Adriano Pappalardo	967476
Adriano Valle	1895424
Adversam	773372
Aeroplanitaliani	191844
Aeternal Seprium	5046038
Africa Unite	214561
Afterhours	344890
Agazzi	2061896
Aglaia	319339
Ago	162108
Agorà	1722084
Agostino Carollo	232050
Agricantus	97259
Ain Soph	72994
Aktuala	1775431
Al Bano	602861
Al Bano & Romina	303666
Al Castellana	774746
Al Doum & The Faryds	2484267
Al Korvin	889770
Alan Barry	19789
Alan Sorrenti	208751
Alba Parietti	160008
Albatros	439912
Albert One	6692
Alberto Baldan Bembo	10860
Alberto Bertoli	4321464
Alberto Boccardi	2668394
Alberto Camerini	145643
Alberto Cheli	1022419
Alberto Erede	833626
Alberto Fortis	639720
Alberto Fracasso	978260
Alberto Rabagliati	921305
Alberto Radius	342427
Alborosie	525093
Aldo Alvi	1338664
Aldo Donà	926915
Aldo Zunino	695580
Aleandro Baldi	771725
Aleph	23510
Alessandra Amoroso	1579899
Alessandra Novaga	4436754
Alessandro Bono	1537601
Alessandro Casillo	2086762
Alessandro Fain	40898
Alessandro Farace	1384
Alessandro Fiori	1079930
Alessandro Mannarino	1645255
Alessandro Monti	792920
Alessandro Picone	653448
Alessandro Safina	166481
Alessandro Tognetti	146183
Alessandro Ziliani	1342534
Alessio Mereu	814517
Alex Baroni	253491
Alex Britti	653853
Alex D'Elia	95919
Alex Gaudino	45912
Alex Gori	1484528
Alex Neri	16483
Alex Party	7282
Alex Puddu	527548
Alexander Robotnick	15975
Alexia	43736
Alfio Antico	389098
Alfredo Clerici	921314
Alice	345919
Alida Chelli	618714
Alio Die	45771
Alkemy	33905
Alkoholizer	2587760
Alltheniko	1369687
Almamegretta	64628
Alphataurus	1157743
Altar of Perversion	263174
Alter Ego	296125
Altro	1450204
Alunni del Sole	827219
Alusa Fallax	1401721
Alvaro Amici	1046329
Amalia Grè	758377
Ambra Angiolini	331346
Ambrogio Sparagna	800664
Amedeo Minghi	490247
Amedeo Tommasi	368085
Amelita Galli-Curci	883266
Amir Issaa	1700857
Amnesia	431537
Amnesys	244031
Amor Fou	1930767
Amycanbe	779992
Ancient Bards	2509686
Ancient Dome	2127028
Andrea Appino	1449554
Andrea Bocelli	318300
Andrea Chimenti	798540
Andrea Doria	40130
Andrea Ferlin	497722
Andrea Laszlo De Simone	5889157
Andrea Lombardini	2471633
Andrea Mingardi	398973
Andrea Mingardi Supercircus	2015090
Andrea Mirò	1805905
Andrea Nardinocchi	2612827
Andrea Parodi	1266413
Andrea Roma	996640
Andy Bono	1331280
Angel Death	1935167
Angela Baraldi	806786
Angela Denia	3189304
Angela Luce	1629390
Angelo Bada	883265
Angelo Baroncini	531283
Angelo Branduardi	199024
Angelo Cavallaro	3794796
Angelo Francesco Lavagnino	651438
Angelo Rossi	4824924
Angelo Servida	1282867
Angels of Darkness	20648
Anguana	6386072
AniMe	1373555
Anima Lunae	821327
Anna Identici	1031910
Anna Marchetti	2072505
Anna Oxa	297663
Anna Tatangelo	909769
Annalisa	3176593
Annalisa Minetti	1925467
Annarita Spinaci	2068516
Annie Barbazza	4759127
Anthony's Games	176145
Anti You	1625822
Anticappella	28421
Antico	44153
Antisgammo	1215669
Antonella Ruggiero	237325
Antonello Rondi	2117751
Antonello Venditti	380858
Antonietta Laterza	1070510
Antonio & Marcello	1602494
Antonio Ballista	589703
Antonio Basurto	1166520
Antonio Iglio	1621117
Antonio Infantino	275793
Antonio Maggio	3307862
Antonio Scotti	1341436
Antonio Sorrentino	2501089
Antonio Testa	217848
Antonio Vasquez	1456443
Antonius Rex	332069
Antropofagus	478911
Anuseye	2044071
Any Other	4631623
Après La Classe	2365367
Ardecore	1185514
Area	313917
Area II	2597396
Aretuska	381110
Argine	132370
Arianna Antinori	5713732
Ariete	8729557
Ariodante Dalla	3658917
Arisa	2752896
Arkè String Quartet	1128242
Armageddon Project	20654
Armando De Razza	1036618
Armando Gentilucci	2122553
Armando Savini	1967842
Armando Sciascia	261011
Armonite	3659924
Armonium	383180
Arpioni	1500699
Art of Fighters	20215
Arthemis	1908715
Arti & Mestieri	1030927
Articolo 31	232886
Arturo Stalteri	199257
Arturo Testa	970878
Ash Code	3844956
Asociale	1710647
Assalti Frontali	882101
Assedium	2905162
Assemblea Musicale Teatrale	1818287
Assumption	2988323
Astaroth	1953369
Atahualpa	28122
Ataraxia	149072
Atlante	178248
Atomic Mold	5388740
Aucan	1609939
Audio 2	1049601
Audiomatiques	2633219
Augusto Martelli	330493
Aura Safari	7259366
Aurelio Fierro	455009
Aurelio Gabrè	920376
Avion Travel	1400400
Axevyper	2925317
Azoto	25955
B for Bang	1743641
B.R. Stylers	963124
Baba Yaga	1187321
Babe Roots	4139794
Baby K	1983178
Baby's Gang	19800
Bachi da pietra	971927
Bacon Popper	24331
Bad Sector	73044
Bagarre	297755
Balanço	3754
Baltimora	106870
Banco del Mutuo Soccorso	353382
Band Aid	208700
Banda Bassotti	381115
Banda Osiris	361410
Bandabardò	1269926
Barbados Climax	421050
Barbara Cola	345493
Barbara Lory	1847235
Baryonyx	5979382
Bassa Clan	4269225
Bassi Maestro	774755
Baustelle	829559
Be Forest	2251320
Beatrice Antolini	1403733
Beatrik	837342
Beau Geste	2216656
Bebo Baldan	325421
Bee Bee Sea	4659835
Beholder	2531922
Belen Thomas	363457
Belfie & Toche	1742332
Bellini	409622
Benassi Bros.	171187
Bengi	475850
Beniamino Gigli	436167
Benny Benassi	93375
Beppe Gambetta	2053949
Betty Curtis	1061013
Biagio Antonacci	230620
Bichord	5094778
Big Fish	3324442
Big Joe	2736699
Biga	1425407
Biglietto per l'Inferno	629080
Billy More	50306
Bisca	233124
Bismark	6194
Bit-Max	67311
Black Box	7289
Black Hole	2137111
Black Legend	12963
Black Machine	32164
Black Oath	2108380
Black Rainbows	2330060
Blasphemophagher	1375622
Blast	19662
Blessed Child Opera	751757
Bliss Team	43978
Bloody Riot	1436055
Blown Paper Bags	1387838
Blue Stuff	2102859
Blue Vomit	472766
Bluebeaters	4184874
Blume	2763317
Bluvertigo	361408
Bob Corn	1374993
Bobby Solo	409131
Bobo Rondelli	1592797
Bochum Welt	982
Bologna Violenta	792226
Boohoos	766548
Boomdabash	2374816
Bossa Nostra	52613
Boston 168	3777272
Bottin	1181868
Bottomless	9709495
Brain Ovulation	82892
Brando Lupi	226822
Bravo	949719
Bresh	5641711
Brian Ice	36233
Briga	3778624
Brunetta	281969
Bruno Battisti D'Amario	314527
Bruno D'Andrea	1503582
Bruno Dasi	2668893
Bruno Filippini	1055710
Bruno Lauzi	374646
Bruno Martino	717590
Bruno Pallesi	870650
Bruno Quirinetta	1749761
Bruno Rosettani	921237
Bruno Venturini	1602980
Brunori Sas	2040072
Brünndl	4656985
Bud Spencer Blues Explosion	813928
Bugo	112699
Bulldozer	260862
Burial	7026596
By All Means	1052457
C.U.B.A. Cabbal	1701142
CCCP	256245
CFF e il Nomade Venerabile	3722494
CO.RO.	267031
CSI	146803
Cadaveria	449975
Cadaveric Crematorium	1589071
Cafè Caracas	1168355
Calcutta	971242
Calibro 35	1332277
Call the Cops	4607296
Calomito	1135929
Calvary	1242355
Camerata Mediolanense	149126
Campo di Marte	1678269
Campos	719509
Canaan	100081
Cani	1253585
Canova	5910987
Canton	274226
Cantovivo	2874976
Canzoniere Grecanico Salentino	2496156
Canzoniere Internazionale	1268486
Canzoniere del Lazio	1969325
Canzoniere delle Lame	1313214
Caparezza	200304
Capo Plaza	6413223
Cappella	7669
Carillon Del Dolore	718591
Carl Brave	5738143
Carla Boni	401635
Carlo Buti	899146
Carlo Dapporto	2676943
Carlo Moreno	1063398
Carlo Pierangeli	2628049
Carlo Tagliabue	1415870
Carmelo Zappulla	2118137
Carmen Consoli	360999
Carmen Russo	1595483
Carmen Villani	305274
Caronte	3018682
Carrara	44956
Casino Royale	214114
Catarrhal Noise	5198404
Caterina Barbieri	4041058
Caterina Bueno	1791649
Caterina Caselli	924805
Caterina Valente	294306
Catherine Spaak	319969
Cattive Abitudini	2022590
Celeste	1302431
Cervello	1184950
Cesare Basile	631484
Cesare Cremonini	904258
Cesare Poggi	2434213
Cesco Anselmo	600514
Change	17967
Charlie	2951466
Chase	44146
Checco Zalone	585186
Cheetah Chrome Motherfuckers	372560
Chef Ragoo	2473213
Chelmno	524516
Chester	36207
Chiara Civello	304615
Chicco Secci	27199
Chicoria	2091766
Chief e Soci	880686
Chiello	8746381
Children of Technology	1508022
Chominciamento Di Gioia	881597
Christian	3551407
Christian De Sica	2149873
Christian Meyer	1035112
Christy	281971
Chronics	2212191
Church of Violence	1696189
Ciao Fellini	176226
Cicci Santucci	45765
Cinzia Paglini	3603053
Circus Joy	73087
Ciro Sebastianelli	1747674
Clara Jaione	925020
Claudia Antonelli	2343633
Claudia Mori	311515
Claudio Baglioni	638411
Claudio Cataldi	1806922
Claudio Gizzi	634327
Claudio Lolli	1053623
Claudio Mattone	698822
Claudio PRC	881554
Claudio Rocchi	416225
Claudio Simonetti	149103
Claudio Simonetti's Goblin	3807015
Claudio Tallino	796680
Claudio Terni	1719275
Claudio Villa	781235
Claver Gold	2230066
Clem Sacco	890321
Clementino	1555525
Clio	154990
Clockwork	2686693
Club Dogo	726439
Club Paradiso	5947167
Clubhouse	37222
Cluster	2045896
Clustersun	4802961
CoCo	6549413
Cochi & Renato	712051
Coez	1711210
Colapesce	2684107
Colla Zio	12527926
Collage	1139724
Colle der Fomento	878867
Coma Cose	6717932
Comaneci	2187249
Computers	1741170
Comrades	191013
Concetta Barra	1724571
Concrete	1064001
Confrontational	4716542
Confusional Quartet	270982
Contrasto	251698
Contropotere	335762
Cor Veleno	1154037
Core Pusher	20196
Corona	23387
Corpsefucking Art	407880
Corrado Lojacono	1306279
Corrado Mantoni	1811943
Corte dei Miracoli	1189124
Cosimo Di Ceglie	890329
Cosmetic	2310191
Crash Box	313943
Cripple Bastards	253704
Cristiano De André	1131687
Cristiano Godano	1034969
Cristiano Malgioglio	732784
Cristina D'Avena	1260543
Cristina Donà	999466
Crookers	718833
Crown of Autumn	1683534
Cruisin' Gang	19803
Crunch	941233
Crying Steel	2017727
Cube	100358
Cultus Sanguine	269389
CxixB	3616273
Cyber People	19792
D'Arcangelo	2240
D. D. Sound	66617
DGM	1940603
DJ Cerla	38360
DJ D	688
DJ Dado	16362
DJ Double S	1607604
DJ Farrapo	521927
DJ Fary	198976
DJ Fastcut	3113929
DJ Francesco	213976
DJ Gius	11546
DJ Gruff	170972
DJ Herbie	11951
DJ Jad	183896
DJ Lancinhouse	37469
DJ Mad Dog	20231
DJ Miko	53440
DJ Myke	1709357
DJ Panda	51168
DJ Professor	13548
DJ Ross	62735
DJ Shocca	774745
DJ Skizo	79187
DJ Sossa	675499
DJ Stardust	71769
DJ Tennis	3024381
DJ Uovo	21057
DJ Vortex & Arpa's Dream	48526
DJ X-Fly	75815
Da Blitz	44496
Da Lukas	53976
Daemonia	275141
Daisy Lumini	1446975
Dalida	146664
Dan I	656105
Dandi & Ugo	313890
Dani Faiv	5790857
Daniel Sentacruz Ensemble	322459
Daniela Casa	659169
Daniela Davoli	342222
Daniela Goggi	729839
Daniele Baldelli	250959
Daniele Danieli	71522
Daniele Di Bonaventura	503228
Daniele Di Gregorio	378889
Daniele Gas	128930
Daniele Kama	1162238
Daniele Papini	782666
Daniele Patucchi	61499
Daniele Serra	1246948
Daniele Silvestri	382714
Daniele Tenca	3076546
Daniele Tignino	45801
Danilo Rea	630531
Danilo Vigorito	22748
Danny Keith	88801
Danny Trejo	3605072
Dargen D'Amico	1201631
Dario Baldan Bembo	380870
Dario Rodighiero	10312243
Dario Tilli	1971274
Dark Lunacy	700097
Dark Polo Gang	5264000
Dark Quarterer	311076
Datura	30878
Dave Rodgers	161889
David Riondino	780943
Davide Cedolin	7380580
Davide Ruberto	45484
Davide Shorty	5119299
Davide Squillace	32847
Davide Van De Sfroos	705364
DeLaVega	6182000
Dea Garbaccio	1460566
Deadsonika	1744976
Death SS	316312
Deathrage	913122
Deathrow	1208582
Deborah De Luca	3228307
Deca	73041
Decibel	1092394
Declino	426083
Dedalus	1085651
Delia Scala	1045027
Delirium	155385
Delta V	485714
Demetrio Stratos	328448
Den Harrow	19768
Denovo	371809
Dente	1266415
Derozer	1480202
Destrage	2278409
Detestor	2191328
Detonazione	495740
Detto Mariano	307664
Deus ex Machina	1458276
Devi Tensione	8276696
Devil Doll	285577
Devoid of Thought	6259220
Devotion	7791451
Dewarsteiner	1938478
Dhany	52724
Diaframma	493560
Diana Est	144193
Diego Deadman Potron	4962612
Digi G'Alessio	1489841
Digital Boy	7400
Dik Dik	583578
Dilaila	2599022
Dimartino	2117533
Dinkis	3734612
Dino Borgioli	3036060
Dino Lenny	13785
Dino Maggiorana	579977
Dino Olivieri	761898
Dino Rubino	4213574
Dino Sabatini	773271
Dino Sarti	1136726
Diodato	4097018
Dirotta su Cuba	890011
Disarmonia Mundi	580663
Disciplinatha	451330
Disper-Azione	1561231
Do Nascimiento	2483355
Doctor 3	2487801
Doctor's Cat	15979
Dodi Battaglia	351837
Dolcenera	399362
Domenico Modugno	311963
Domine	608606
Don Antonio	5784198
Don Backy	891993
Don Carlos	1188
Don Joe	1216733
Donatella Milani	380873
Donatella Rettore	1773230
Donatello	1168594
Donato Dozzy	202097
Donella Del Monaco	1116200
Doomsword	274119
Doomwork	1595366
Dope Stars Inc	527983
Dora Moroni	1976855
Dori Ghezzi	383179
DoubKore	2460285
Double Dee	31035
Double You	7620
Doublewave	2216306
Drakkar	1933413
DrefGold	6255827
Drupi	327416
Dub Hunters	7545380
Duilio Radici	2745556
Dumbo Gets Mad	2240437
Dumbo Station	6724435
Duo di Piadena	1268485
Duracel	2120560
Dusty Kid	499991
E.V.O.E.	77096
EGreen	3654723
East Side Beat	13537
Easy Going	3461
Edda	2682268
Edda Dell'Orso	100317
Edda Ollari	2071775
Edge of Universe	110724
Edmonda Aldini	1161413
Edo Pietrogrande	1035038
Edoardo Bennato	53807
Edoardo De Angelis	597824
Edoardo Vianello	372878
Eduardo De Crescenzo	503124
Egida Aurea	862645
Egisto Macchi	320915
Eiffel 65	11149
Einstein Doctor DJ	27216
El Pasador	552466
El Presidente	233751
Eldritch	376767
Electric Mind	142345
Electrocution	666462
Elena Beltrami	2831143
Elephant Brain	5563614
Elettra Lamborghini	6333620
Eliana Cargnelutti	4756421
Elio Lotti	1442241
Elio e le Storie Tese	191166
Elisa	65897
Elisabetta Viviani	1299408
Elisir	22963
Elodie	12484582
Elsa Mazzetti	1694030
Elsa Merlini	935857
Elvenking	420562
Emi Doré	2201258
Emilio Livi	927829
Emilio Pericoli	1291296
Emis Killa	2596237
Emma Marrone	1882275
Emmanuel	1097313
En Declin	523051
En Manque D'Autre	781163
Enisum	4055258
Ennio Morricone	15900
Enrico BSJ Ferrari	7551947
Enrico Caruso	319180
Enrico Cascella	1611756
Enrico Gabrielli	1079953
Enrico Mantini	55763
Enrico Montesano	1230042
Enrico Musiani	1901062
Enrico Nigiotti	4232032
Enrico Pieranunzi	298100
Enrico Rava	243675
Enrico Rava Quintet	2219240
Enrico Ruggeri	503126
Enrico Sangiuliano	1684763
Enrico Simonetti	521222
Ensi	1700858
Enzo & Terry	2200745
Enzo Aita	919425
Enzo Amadori	1119092
Enzo Avitabile	6706
Enzo Carella	1435331
Enzo Ceragioli	920110
Enzo De Muro Lomanto	1831163
Enzo Di Domenico	2061510
Enzo Favata	1983364
Enzo Gragnaniello	385292
Enzo Jannacci	712046
Enzo Malepasso	380863
Enzo Maolucci	2476250
Enzo Scoppa	45766
Ephel Duath	263559
Equipe 84	967455
Erica Mou	2040069
Erika	80584
Ermal Meta	2474191
Ernesto Badini	2034904
Ernesto Bonino	921313
Ernia	6180074
Erode	930542
Esecutori di Metallo su Carta	6780051
Estra	503110
Etnica	4513
Etrusca 3D	8117865
Etrusgrave	3010425
Eu's Arse	1383908
Eugenia Foligatti	1243702
Eugenio Bennato	853538
Eugenio Cibelli	3451379
Eugenio Finardi	443966
Eugenio in Via Di Gioia	5101768
Eva Nova	89108
Evelina Sironi	1437209
Eversor	930583
Evol	262337
Ex-Otago	1106707
Excidium	262324
Extrema	119629
Ezio Bosso	635033
Ezra Winston	1445303
F.ormal L.ogic D.ecay	112671
FEM Prog Band	3105347
FPI Project	18726
Fab Samperi	967682
Fabi Silvestri Gazzè	4007593
Fabio Concato	679571
Fabio Fabor	707941
Fabio Giannelli	621262
Fabio Locati	80630
Fabio Monesi	2473834
Fabio Orsi	402050
Fabio Treves	869362
Fabri Fibra	726440
Fabrizio Cammarata	5354120
Fabrizio De André	660740
Fabrizio Ferretti	1360548
Fabrizio Lapiana	1168796
Fabrizio Moro	1088887
Fabrizio Paterlini	1605089
Fabrizio Sferra	1936962
Fallout	62501
Fanny Cadeo	4662
Fargetta	18063
Fast Animals and Slow Kids	2048251
Father Murphy	1341095
Faust'O	830924
Fausto Amodei	1031931
Fausto Cigliano	319977
Fausto Leali	327903
Fausto Mesolella	1036666
Faz Waltz	3056313
Federico Albanese	1708425
Federico Poggipollini	1033608
Federico Scavo	276847
Fedez	2865493
Fernando Orlandis	2874947
Ferruccio Tagliavini	1051424
Fiamma Fumana	716381
Fil Di Ferro	1921959
Filippo Maria Bressan	897422
Fine Before You Came	1572099
Finley	1554290
Finzy Kontini	171123
Fiordaliso	126162
Fiorella Bini	1125596
Fiorella Mannoia	371804
Fiorello	71521
Fiorenzo Carpi	658162
Firefly	65629
Fjieri	1826509
Flaminio Maphia	141241
Flashmen	2432300
Flavia Fortunato	380859
Flavio Boltro	345331
Flavio Folco	1109015
Flavio Giurato	1780675
Flavio Pirini	7415187
Flavio Vecchi	42764
Fleshgod Apocalypse	1955063
Flickman	12241
Flo Sandon's	455012
Floorfilla	27927
Fluxus	1695150
Fockewulf 190	262200
Foja	1513056
Folk Studio A	4711771
Folkstone	2993730
Forgotten Tomb	420341
Formula 3	679575
Four Flying Ducks	2548557
Fourteen 14	130154
Frah Quintale	5351760
Frammenti	681149
Franca Raimondi	1112948
Francesca Alotta	1574125
Francesca Michielin	3189227
Francesco Albanese	976382
Francesco Baccini	679574
Francesco Bruno	281226
Francesco Cafiso	695587
Francesco Cavaliere	1228331
Francesco Daddi	1710774
Francesco De Gregori	503075
Francesco Di Bella	1560631
Francesco Dinoia	3395517
Francesco Diodati	2744907
Francesco Gabbani	2315155
Francesco Guccini	490256
Francesco Messina	604262
Francesco Nuti	712042
Francesco Paladino	286051
Francesco Piu	3718706
Francesco Ponticelli	2219337
Francesco Renga	349215
Francesco Salvi	36241
Francesco Zappalà	49594
Franchino	15251
Francisco	105591
Franco Battiato	114390
Franco Bixio	125381
Franco Califano	1054252
Franco Cerri	543841
Franco D'Andrea	338616
Franco Dani	531383
Franco Fanigliulo	1044352
Franco Fasano	617373
Franco Franchi	2035255
Franco Godi	60559
Franco IV e Franco I	1127907
Franco Micalizzi	157482
Franco Mojoli	1727121
Franco Morone	1515309
Franco Potenza	1029868
Franco Ricci	921783
Franco Simone	851819
Franco Tonani	968447
Franco Tozzi	1024414
Franco Trincale	1660759
Franco e i G5	1112960
Franco126	5738142
Frangar	1681508
Frank 'O Moiraghi	18466
Frankie hi-nrg mc	97356
Frankyeffe	1173236
Fratelli di Soledad	1194134
Freak Antoni	1344723
Fred Bongusto	9772
Fred Buscaglione	360695
Fred De Palma	3475626
Fred Ventura	19799
Frigidaire Tango	899351
Fritz da Cat	305803
From Depths	2004907
Frozen Crown	6326683
Fulci	4603850
Fulminacci	7127030
Fun Fun	36214
Funeral Oration	251815
Fuoco Fatuo	3286294
Furor Gallico	2701808
Futuro Antico	1612050
Fuzz Orchestra	1395427
Fuzzy Hair	156887
G&D	4230335
Gabin	63717
Gabriele Carasco	1348114
Gabriella Ferri	928234
Gabry Fasano	6205
Gabry Ponte	62991
Gaetano Liguori	1212817
Gaetano Parisio	1383
Gaia	7351488
Gala Rizzato	10770
Gam Gam	46001
Gambafreaks	6425
Game	161159
Game Over	3510737
Gang	492168
Ganji Killah	2959517
Garbo	391962
Garybaldi	1195278
Gatto Marte	1450189
Gatto Panceri	3145504
Gaudi	58101
Gazebo	47835
Gazebo Penguins	2278849
Gaznevada	50570
Gazosa	935718
Gazzelle	110565
Gem Boy	4310472
Gemelli Diversi	157336
Gemello	3564072
Gemitaiz	2668962
Generic Animal	6112000
Genius	514821
Gens	1219312
Geolier	7025456
George Aaron	243002
Gepy & Gepy	292657
Gerardina Trovato	232885
Gerardo Casiello	5520913
Gerardo Frisina	27989
Gerda	1756886
Germana Caroli	455013
Gerson	2169586
Ghali	5777637
Ghigo Agosti	859852
Giacomo Dell'Orso	1305215
Giacomo Rondinella	931694
Giacomo Trevi	3293520
Gialloman	1217680
Giammarco Orsini	4247191
Giampiero Artegiani	973182
Giampiero Boneschi	61498
Gian Costello	1828575
Gian Paolo Chiti	309898
Gian Pieretti	1171304
Gian Piero Reverberi	281531
Giancane	1419053
Giancarlo Cardini	580306
Giancarlo Chiaramello	315187
Giancarlo Gazzani	314292
Giancarlo Toniutti	83226
Gianfranco Manfredi	1197607
Giangilberto Monti	1084702
Gianluca Becuzzi	539766
Gianluca Grignani	315070
Gianluca Petrella	50616
Gianluigi Trovesi	630133
Gianmaria Testa	791143
Gianna Nannini	175006
Gianni Bella	529900
Gianni Bini	61850
Gianni Bismark	5349961
Gianni Drudi	712043
Gianni Fallabrino	1391569
Gianni Gebbia	495363
Gianni Giublena Rosacroce	2512058
Gianni Marchetti	65182
Gianni Maroccolo	384104
Gianni Maselli	861911
Gianni Mazza	569776
Gianni Meccia	786609
Gianni Morandi	410333
Gianni Nazzaro	559680
Gianni Oddi	600513
Gianni Parrini	114901
Gianni Pellecchia	559246
Gianni Pettenati	359797
Gianni Togni	380856
Giardini di Mirò	94083
Gigi Beccaria	926710
Gigi D'Agostino	15228
Gigi D'Alessio	839027
Gigi Masin	491206
Gigione	887686
Gigliola Cinquetti	464799
Gil Ventura	382456
Gilda Giuliani	1136093
Gina Viafora	2705492
Ginevra Di Marco	384103
Gino Latilla	917469
Gino Martinez Patti	1487855
Gino Paoli	319978
Gino Santecole	772492
Giorgia	323606
Giorgio Canali & Rossofuoco	3544221
Giorgio Consolini	924991
Giorgio Faletti	655151
Giorgio Gaber	655157
Giorgio Gigli	98481
Giorgio Lo Cascio	2417413
Giorgio Moroder	4205
Giorgio Poi	6673039
Giorgio Prezioso	86794
Giorgio Rusconi	1981769
Giovanna Marini	560714
Giovanna Nocetti	1827188
Giovanni Allevi	676568
Giovanni Caccamo	835011
Giovanni Di Domenico	856760
Giovanni Fenati	455014
Giovanni Fusco	560717
Giovanni Martinelli	1043562
Giovanni Sollima	809779
Giovanni Tommaso	281526
Giovanni Truppi	2749961
Giovanni Zenatello	1383604
Gipo Farassino	1969988
Girolamo De Simone	659970
Giuda	1696236
Giuda (2)	2214978
Giuliano Dottori	1930787
Giuliano Sorgini	309903
Giulio Stocchi	1828151
Giuni Russo	361658
Giuntini Project	2623191
Giuseppe Cionfoli	1451875
Giuseppe De Luca	1809195
Giuseppe Lugo	1051425
Giuseppe Negroni	2213359
Giuseppe Nessi	1350030
Giuseppe Ottaviani	365745
Giuseppe Servillo	921342
Giuseppe di Stefano	696181
Giusto Pio	369428
Giusy Ferreri	1274456
Giò Di Tonno	2026408
Giöbia	3310453
Gli Alluminogeni	765906
Gli Apostholi	3150647
Gli Atroci	319488
Gli Avvoltoi	3405142
Gli Impossibili	1986328
Gli Scooters	1754970
Gloria Christian	922038
Gloria Dauro	6152772
Go!Zilla	650159
Goblin	98228
Golden Cup	840850
Golden Jooklo Age	1092830
Gomma	5493594
Gorni Kramer	520888
Gosforth	798690
Gothica	187904
Grandi Animali Marini	2601476
Grazia Di Michele	1036614
Graziano Romani	1072524
Graziella Sciutti	1220779
Grimm	1990301
Gronge	886457
Gruppo Folk Internazionale	1721207
Gruppo Italiano	434487
Gruppo Sound	3194969
Gruppo di Improvvisazione Nuova Consonanza	146775
Guano Padano	1864464
Guido Mazzon	1034116
Guido Toffoletti	1821816
Guido Toffoletti's Blues Society	3068499
Haemophagus	1282457
Halflives	5757587
Handful of Hate	1094580
Hapax	4190896
Harmonia Ensemble	294500
Haunted	6539486
Hautville	2290225
Havoc	141030
Heather Parisi	161332
Heimdall	492026
Helen	176150
Hellsystem	111455
Herbert Pagani	765823
Herman Medrano	2841035
Hexperos	942440
Hipnosis	15973
His Clancyness	1393241
His Electro Blue Voice	1115045
Hocculta	1631592
Homo Sapiens	1139719
Horrid	756252
Horror Vacui	2897253
Hortus Animae	230175
Hot Cold	66838
Housecream	242724
Hugo	320082
Human Colonies	4927710
Höstsonaten	1619434
I Barritas	1692953
I Beans	1468298
I Bertas	2075075
I Bisonti	1612698
I Califfi	889777
I Camaleonti	531794
I Camillas	1756519
I Campioni	1694032
I Cani	2195854
I Cavalieri del Re	1260540
I Corvi	372880
I Cugini di Campagna	470098
I Delfini	1701375
I Flippers	410347
I Funamboli	2144890
I Gatti di Vicolo Miracolo	712040
I Giganti	1248527
I Gres	2710162
I Gufi	1324498
I Marc 4	17540
I Meteors	2066622
I Nuovi Angeli	372881
I Profeti	382454
I Ragazzi del Sole	1497413
I Refuse It!	596995
I Ribelli	372877
I Romans	1240697
I Sagittari	3054440
I Satelliti	2071850
I Teppisti dei Sogni	1783737
I Trilli	633399
I Trinità	6724782
I Tubi Lungimiranti	2077815
I Vianella	1237993
I am Sonic Rain	5789710
I'm not a Blondie	6020354
I-Robots	475430
Ianva	354278
Ico Cerutti	1497062
Icy Steel	3194326
Ifix Tcen Tcen	377887
Il Balletto di Bronzo	1247423
Il Buio	3093497
Il Castello di Atlante	1043965
Il Cile	2829419
Il Generale	1194133
Il Genio	1348046
Il Giardino dei Semplici	492343
Il Guardiano del Faro	1010217
Il Maniscalco Maldestro	3351224
Il Muro del Canto	2582673
Il Nuovo Canzoniere Italiano	2629359
Il Pagante	4135092
Il Pan Del Diavolo	2485494
Il Parto delle Nuvole Pesanti	1932389
Il Rovescio della Medaglia	765763
Il Segno dello Zodiaco	2239151
Il Teatro degli Orrori	1032099
Il Volo	2086557
Il Volo (2)	1059980
Immanuel Casto	2547244
Impact	427568
Implosion	47637
Impulse Factory	20266
In The Panchine	4344706
In Zaire	1777175
In-Grid	68079
Incoming Cerebral Overdrive	1735515
Indaco	3373752
Indianizer	6216831
Indigesti	494827
Inedia	2363041
Ines Talamo	1780335
Infernal Goat	2140355
Infinita Symphonia	3093392
Inner Shrine	1125472
Inoki	774750
Instrumental Quarter	724240
Inutili	3286863
Iosonouncane	2324820
Irene Fornaciari	1330972
Irene Grandi	184085
Irha	559096
Isabella Iannetti	1443497
Isoul8	26863
Italia Vaniglio	932477
Italian Boys	36201
Italian Harmonists	6125527
Italo Salizzato	809857
Iva Zanicchi	949064
Ivan Cattaneo	360863
Ivan Della Mea	1031913
Ivan Graziani	859844
Ivan Valentini	717585
Ivana Spagna	573804
J&S Project	372306
J-Ax	1475883
J.K.	43674
JT Company	4663
Jago	6702
Jahbulong	8251165
Jaka	935280
Jake La Furia	1216726
Jalisse	889984
James Napoli Centrale	10075066
James Senese	836637
James Venturi	800505
Jamil	3035714
Janvs	1518192
Japanese Gum	1147748
Jay Rolandi	540260
Jeffrey Jey	62992
Jennifer Gentle	305644
Jenny B	68402
Jenny Luna	942209
Jerry Calà	2170731
Jestofunk	7640
Jimmy Fontana	739929
Jinny	16250
Jo Squillo	1241686
Jock Hattle	41072
Joe Inferno	25319
Joe Perrino and the Mellowtones	1400374
Joe Sentieri	1015994
Joe T. Vannelli	1504
Joe Yellow	19777
John De Leo	1194303
John Foster	1428231
John Gucci	2363986
Johnny Dorelli	281975
Johnny Marsiglia	2649662
Johnny Sax	598281
Jollymusic	27301
Jone Cacciagli	3984720
Jooklo Duo	1047587
Joseph Capriati	790612
Jovanotti	22720
Joy Kitikonti	24946
JoyCut	2619952
Juglans Regia	2377676
Jula De Palma	361419
Juli & Julie	470095
Julian DJ & Davide Sonar	109601
Julie's Haircut	749792
Jumbo	1321129
Junior Cally	6768236
Junior Jack	4266
Juniors	924804
Junkfood	3350653
Juri Camisasca	574093
K-Traxx	43876
Kaballà	1169241
Kamasutra	28286
Kano	32434
Kaos	874379
Kaos India	3102035
Karmamoi	3666049
Kasso	66842
Kathy & Gulliver	644664
Katia Ricciarelli	850899
Katyna Ranieri	283105
Ken Laszlo	19761
Ketama126	4992352
Khymera	1402200
Kid Crème	21137
Kill Your Boyfriend	4078840
Killer Boogie	4213259
Kina	807471
Kintsugi	4738325
Kirlian Camera	15583
Klasse Kriminale	246115
Klein & MBO	15977
Klimt 1918	339423
Knobs	1524836
Kontatto	674487
Koto	10429
Krisma	127686
KuTso	4232036
Kunsertu	1830767
Kwanzaa Posse	23286
L'Amico di Martucci	1408646
L'Invasione Degli Omini Verdi	830664
L'Officina della Camomilla	3777562
L'Orchestra di Piazza Vittorio	2781135
LTJ X-Perience	10499
La Batteria	2264230
La Bionda	120913
La Bottega dell'Arte	1120631
La Ciapa Rusa	909370
La Coscienza di Zeno	3383498
La Crus	22922
La Famiglia	657376
La Lionetta	3561453
La Macina	2874973
La Maschera di Cera	839582
La Maxima 79	3772135
La Pina	237323
La Piramide Di Sangue	2829756
La Quarta Via	7204079
La Quiete	572625
La Quinta Faccia	1754310
La Ragazza Del Clan	1897494
La Rappresentante di Lista	4922087
La Risonanza	3421095
La Sintesi	1888659
La Strana Società	1243696
Labyrinth	306436
Lacuna Coil	215670
Ladri di Biciclette	679569
Lady Violet	91242
Lalli	199255
Lame	4066643
Lando Fiorini	1213893
Lantern	3733367
Lara Saint Paul	330161
Larabell	89431
Last Minute to Jaffna	1282456
Last Rhythm	29848
Latte e Miele	1092322
Laura Betti	1031919
Laura Bono	790677
Laura Luca	1139717
Laura Pausini	80894
Lazza	737986
Le Amiche	1974101
Le Braghe Corte	2687874
Le Figlie Del Vento	2053738
Le Mele Verdi	1286548
Le Orme	359000
Le Piccole Ore	1802076
Le Vibrazioni	941714
Le Voci Blu	2432587
Le luci della centrale elettrica	1146166
Lea Massari	1021471
Leandro Barsotti	490244
Leano Morelli	1432200
Lee Marrow	14490
Lego Edit	6111932
Lelio Luttazzi	306935
Lello B	83646
Lena Biolcati	503122
Lento	991080
Leo Anibaldi	22377
Leo Gassmann	6863606
Leo Martera	1461793
Leonardo Marino	2072544
Leone Di Lernia	1101377
Lerio Corrado	1175111
Les Anarchistes	1589670
Levante	1726552
Lidia Martorana	927824
Ligabue	900001
Lina Bruna Rasa	2477530
Lina Sastri	496148
Lina Termini	1051430
Linda Di Franco	321347
Linda Valori	2147743
Linea 77	309369
Lino Capra Vaccina	1136857
Lino Toffolo	1660760
Linuz	1471120
Lionville	2693609
Lisa	1549440
Litfiba	618504
Little Tony	217518
Livin' Joy	10997
Lo Stato Sociale	2414567
Lo Zoo di Berlino	4360590
Locanda delle Fate	1158138
Lollipop	351098
Loose Sutures	7872901
Lord Bean	1259775
Loredana Bertè	366682
Lorella Cuccarini	593647
Lorenzo Campani	1410837
Lorenzo Gasperoni Mamud Band	3251292
Lorenzo Senni	1391496
Loretta Goggi	310137
Lory D	216177
Los Fastidios	314657
Los Locos	47126
Los Marcellos Ferial	1325471
Lou Dalfin	1223650
Lou X	282663
Lovesick Duo	8189840
Low Kidd	4206316
Lowlow	5635280
Loy & Altomare	2061389
Lu Colombo	723315
Luca Antolini	69422
Luca Bacchetti	178828
Luca Barbarossa	376570
Luca Carboni	371806
Luca Turilli's Rhapsody	2807998
Luchè	2650965
Lucia Mannucci	2618234
Luciana Gonzales	2026265
Luciano Angeleri	592635
Luciano Basso	1373177
Luciano Benevene	1797935
Luciano Berio	76028
Luciano Cilio	659967
Luciano Pavarotti	55683
Luciano Rossi	1108657
Luciano Sangiorgi	925721
Luciano Simoncini	1546415
Luciano Tajoli	917491
Luciano Virgili	1051256
Luciano Zuccheri	520886
Lucio Battisti	250902
Lucio Corsi	4332218
Lucio Dalla	207470
Lucretio	932010
Ludovico Einaudi	369643
Luigi Grechi	2085508
Luigi Madonna	1215774
Luigi Nono	219565
Luigi Tenco	319974
Luis Radio	137860
Lunapop	250536
Lupi Gladius	192006
Lurking Terror	5341712
M'Bamina	441956
MBG	52875
Mabel	82381
Mabra	274929
Macbeth	262801
Mace	1723244
Macho	42360
Mad Bob	154749
Mad Crayon	1619449
MadMan	2668959
Madame	7512727
Madreblu	361368
Madrigali Magri	1450195
Madteo	869854
Mahmood	4880094
Maldestro	5563898
Maleficarum	2212983
Malfeitor	374656
Malika Ayane	1901200
Mambassa	2006187
MamboLosco	6353828
Mamukata	134745
Mamuthones	1365029
Management	4004489
Mandragora Scream	483938
Mango	593166
Manuel De La Mare	801900
Manuel ES	102229
Manuel Zurria	961284
Marascia	28880
Marcella Bella	503123
Marcello Giombini	451878
Marcello Giordani	507282
Marcello Melis	319050
Marcello Minerbi	17544
Marco Bardoscia	892248
Marco Brugattu	1357146
Marco Carena	1373008
Marco Carola	1944
Marco Carta	1222549
Marco Castello	8046498
Marco Dalpane	1673266
Marco Di Marco	230788
Marco Ferradini	274632
Marco Maniera	1154942
Marco Masini	268725
Marco Mengoni	2646444
Marco Ongaro	665073
Marco Parente	1247151
Marco Passarani	18623
Marco Shuttle	613746
Margherita Vicario	5914482
Maria Antonietta	2679122
Maria Carta	1379898
Maria Doris	2066489
Maria Finocchiaro	2445471
Maria Jottini	1028578
Maria Monti	2176041
Maria Paris	1454753
Maria Violenza	3349590
Mariella Nava	665030
Marina Pagano	2672219
Marina Rei	608605
Marino Marini	501981
Mario Acquaviva	1898086
Mario Basiola	1938409
Mario Biondi	244654
Mario Castelnuovo	887079
Mario Gangi	713023
Mario Latilla	919438
Mario Lavezzi	297664
Mario Merola	2518803
Mario Migliardi	12199
Mario Molino	309900
Mario Nascimbene	361418
Mario Pasqualillo	1455893
Mario Pezzotta	722885
Mario Piovano	1950035
Mario Più	455482
Mario Rosini	460610
Mario Tessuto	924474
Mario Trevi	1632881
Mario Venuti	270463
Mario del Monaco	696193
Mario e Sal Da Vinci	4229755
Mariposa	1080057
Marisa Colomber	1385149
Marisa Del Frate	932480
Marisa Fiordaliso	1119091
Marisa Rampin	2536259
Marisa Sannia	1341032
Marisa Terzi	982800
Markantonio	32845
Marlene Kuntz	730915
Marnero	1552147
Marracash	1210072
Mars Bill	1607366
Marshall	7954
Marta sui tubi	1932817
Marvin & Guy	3879510
Marya	292037
Marzio Dance	112933
Massimo Bubola	392118
Massimo Di Cataldo	473693
Massimo Mariani	584990
Massimo Pericolo	7082111
Massimo Priviero	1036620
Massimo Ranieri	319960
Massimo Silverio	7890233
Massimo Volume	720217
Massimo Zamboni	384102
Mastercastle	3356160
Matia Bazar	136886
Mato Grosso	42821
Matrioska	1326621
Matteo Brancaleoni	2509038
Matteo Trevisan	5515879
Mattia Battistini	1428153
Mattia Trani	2656563
Mau Mau	583133
Maurizio Abate	708944
Maurizio Arcieri	250046
Maurizio Braccagni	23406
Maurizio Carpi	3179893
Maurizio Fabrizio	274694
Maurizio Vandelli	765674
Mauro Caputo	2231980
Mauro Ermanno Giovanardi	1547793
Mauro Lusini	966569
Mauro Pagani	302019
Mauro Picotto	5775
Mauro Pilato	222658
Max Coveri	105033
Max De Bernardi	3796561
Max E-Crew	37335
Max Gazzè	1596044
Max Pezzali	630296
Max-Him	19802
Maxophone	1209001
Maze of Sothoth	3615925
Meccano	232595
Mecna	2565437
Meduza	7012514
Meg	359859
Meganoidi	580556
Melencolia Estatica	1036625
Mellow Mood	3124256
Melody Fall	2071530
Meme Bianchi	936712
Memo Remigi	1212701
Meo	604415
Mephisto	22367
Mercanti di Liquore	2775079
Messa	5079146
Metamorfosi	1214432
Mezzosangue	3555555
Mia Martini	556869
Michael Exodus	3279829
Michele	1020545
Michele Pecora	851813
Michele Zarrillo	691788
Microspasmi	2159982
Midnight Conversation	6416308
Mietta	299780
Mike Francis	36231
Miko Mission	19770
Milk & Coffee	492341
Milky	53778
Milly	1193603
Milva	299967
Mimmo Cavallo	1186994
Mimmo Locasciulli	1194864
Mimmo Mix	44647
Min & Mal	2013729
Mina	319972
Mind Against	2169341
Minimono	284473
Ministri	1266421
Mino Reitano	461384
Miranda Martino	319970
Mirna Doris	1373475
Miss Groovy	20271
Miss Jones	19667
Mistaman	1322387
Mita Medici	1741291
Mo-Do	33766
Moana Pozzi	1335058
Moda	697021
Modena City Ramblers	1123004
Modern Sound Quartet	1579409
Modo Antiquo	956471
Modula	3854444
Modà	1974635
Moka DJ	23421
Mokadelic	1094475
Molella	36544
Moltheni	1644334
Mondo Candido	164821
Mondo Marcio	726436
Mongoose	163800
Monica Sandri	1634682
Montefiori Cocktail	3751
Monumentum	184288
Moony	30336
Moratto	79352
Moravagine	3287503
Morbus Grave	4926876
More	95684
Morgan	161835
Moriar	763124
Morkobot	1014918
Mortuary Drape	259820
Motel Connection	184562
Motta	2016219
Movie Star Junkies	1297074
Mr. Rain	4742806
Mr. T-Bone	1480710
Mudimbi	2230070
Murple	1565257
Murubutu	3044327
Museo Rosenbach	1210730
Mushroom's Patience	39353
Mushy	420686
Musica Nuda	1148541
Musicanova	2078946
My Awesome Mixtape	1660905
My Cat is an Alien	255665
My Mine	47010
Myss Keta	4026520
Mystic Jungle	4416652
Måneskin	6184259
N.A.D.M.A.	599873
N.O.I.A.	19797
NDKj	488185
NH3	2808127
Nabat	594619
Nada	808776
Nagasaki Nightmare	1875952
Nancy Cuomo	2233765
Nanni Svampa	2097630
Nanowar of Steel	2451650
Napoli Centrale	1333580
Narciso Parigi	1122676
Natalino Otto	281968
Nayt	3778625
Necrodeath	612709
Necromessiah	1647213
Neel	1822027
Nefarium	2501788
Neffa	140798
Negazione	327504
Negramaro	943055
Negrita	349217
Neil on Impression	597711
Neja	10746
Nek	168621
Nella Colombo	455011
Nelly Fioramonti	1341033
Nenia	280851
Neo	1647125
Neokarma Jooklo Trio	938976
Neon	126890
Neri per caso	916926
Nerio's Dubwork	10702
Ness	1102057
Netzwerk	34154
New Dada	974292
New Trolls	560713
Nibiru	3736872
Niccolò Fabi	329588
Nicholas	1780113
Nico Fidenco	248628
Nico dei Gabbiani	1471775
Nico e Tetta	104621
Nico e i Gabbiani	1023518
Nicola Arigliano	1345469
Nicola Conte	3753
Nicola Di Bari	851817
Nicola Fasano	202428
Night Gaunt	4414156
Night Skinny	2621158
Nihil Young	1300659
Nilla Pizzi	917468
Nilo Ossani	1051257
Nina Zilli	1766357
Nino Buonocore	371808
Nino D'Angelo	36217
Nino D'Aurelio	4517835
Nino Impallomeni	1156815
Nino Nipote	3650578
Nino Taranto	1276038
Nitro	3769651
No Strange	749860
No White Rag	1701126
Nodo Gordiano	1080051
Noemi	3185332
Noha	3889690
Noisedelik	2940442
Noize Suppressor	20650
Nomadi	643509
Non Voglio Che Clara	487468
North East Ska Jazz Orchestra	5687652
Nosound	749912
Not Moving	311073
Nova	1495064
Novalia	482632
Novanta	3679138
Novecento	33624
Novembre	265585
Noyz Narcos	2192798
Nu Guinea	4007020
Nu NRG	181461
Nuccia Bongiovanni	2452592
Nude	451908
Nuel	458073
Numa Crew	1277540
Nunzio Gallo	917503
Nuova Compagnia di Canto Popolare	493551
Nuova Idea	593634
Nuovi Briganti	1685706
Nuvolablu	1163363
Obtane	702338
Odeeno	4202904
Odoardo Spadaro	1030483
Odyssea	581447
Officine Schwartz	269676
Offlaga Disco Pax	1330230
Oliver Onions	180953
Ombretta Colli	1066423
One Dimensional Man	503109
One Fine Day	441757
Open Spaces	33896
Opera IX	259897
Opus Avantra	1116199
Orchestra Casadei	1671978
Orietta Berti	920359
Ornaments	220998
Ornella Vanoni	361057
Osanna	836392
Oscar Carboni	1051236
Oscar Prudente	277024
Oscar Rocchi	1044517
Ossi Duri	1333552
Otierre	280244
Otto Ohm	521287
Oöphoi	162295
P. Lion	36197
P4F	19788
PAY	2019964
PGR	1438862
Pale TV	817158
Pamela Prati	1854177
Pancratio	9505165
Panda	1157671
Pandemonium	1080270
Pankow	21893
Panoram	2614526
Paola & Chiara	171049
Paola Turci	1014217
Paolino Paperino Band	937511
Paolo Achenza Trio	16869
Paolo Angeli	516009
Paolo Baldini	5696339
Paolo Belli	490252
Paolo Benvegnù	1016985
Paolo Birro	1861683
Paolo Bonfanti	2153789
Paolo Conte	273695
Paolo Ferrara	706960
Paolo Frescura	1106271
Paolo Fresu	332804
Paolo Fresu Quintet	1663033
Paolo Giorgi	3352894
Paolo Martini	58807
Paolo Mengoli	597823
Paolo Modugno	218103
Paolo Pietrangeli	1031914
Paolo Renosto	1633348
Paolo Rossi	1131684
Paolo Rustichelli	923498
Paolo Sardisco	3521922
Paolo Tofani	490217
Paolo Tomelleri	1146641
Paolo Vallesi	470096
Paolo Visnadi	525185
Papa Ricky	1038379
Paps N Skar	41801
Parbleu	8050006
Pasquale Amato	1784776
Passengers	87128
Pastaboys	34064
Pathosray	1443493
Patrick Samson	281974
Patrizia Laquidara	1561718
Patrizia Pellegrino	1458687
Patrizio Fariselli	617324
Patrizio Sandrelli	1334714
Patty Pravo	339934
Paul Cart	1329432
Paul Chain	768630
Peawees	452718
Peggio Punx	427570
Pellegrino	3360805
Pepe Maina	1554983
Peppe Barra	130112
Peppino Brio	3931312
Peppino Gagliardi	1020394
Peppino di Capri	492344
Perigeo	315550
Persiana Jones	1266412
Perturbazione	660715
Peter Jacques Band	98684
Peter Punk	1987312
Peter Sellers and the Hollywood Party	1625098
Pia Tassinari	1640341
Picchio dal Pozzo	282971
Pierangelo Bertoli	1044351
Piergiorgio Farina	2036156
Piero Ciampi	749369
Piero Fidelfatti	52456
Piero Focaccia	1061012
Piero Marras	691614
Piero Mazzocchetti	473892
Piero Pelù	662395
Piero Umiliani	8722
Piero Zeta	75701
Piero e i Cottonfields	1650989
Pierrot Lunaire	685311
Pin-Occhio	73930
Ping Pong	2082038
Pinguini Tattici Nucleari	5297163
Pink Project	50568
Pino Calvi	769839
Pino D'Angiò	471789
Pino Daniele	152754
Pino Donaggio	299238
Pino Masi	1109567
Pino Mauro	2131270
Pino Presti	623714
Pino Scotto	1315272
Piotta	650627
Pippo Barzizza	1125595
Pippo Franco	380874
Piqued Jacks	5358195
Pitura Freska	890021
Placid K	20657
Planet Funk	5618
Playahitty	14676
Pooglia Tribe	1904720
Pooh	380875
Porno Riviste	1991371
Port-Royal	288072
Povia	349221
Praxinoscope	566349
Premiata Forneria Marconi	281856
Profezia	427751
Profusion	3318978
Progenie Terrestre Pura	2582160
Prozac+	371761
Psicologi	7445846
Psychofagist	768175
Puccio Roelens	261016
Pufuleti	7192087
Punkreas	262220
Pupo	345918
Putrid Fever	815399
Putridity	2239257
Quartetto Cetra	905358
Quartetto Radar	1419370
Quartetto Stars	4077708
Quartiere Coffee	3533750
Quella Vecchia Locanda	1214437
Quelli	1765450
Quintetto Del Delirio	1831300
Quintetto Principe	1461308
Quintorigo	2171316
R.E.Light Orchestra	230621
Raccomandata Ricevuta di Ritorno	1214433
Radar	1182744
Radical Stuff	239725
Radici nel Cemento	2115204
Radio Boys	917472
Radiodervish	235536
Radiorama	73973
Raein	1088273
Raf	246232
Raffaele Rizzi	1645638
Raffaella Carrà	302018
Raffaello Pareti	2329579
Raiders of the Lost ARP	27384
Raikinas	5496277
Rainbow Team	162102
Raintime	884739
Ralph Mirto	1757345
Ramirez	4134
Rancore	2851823
Randy	13358
RanestRane	2972392
Raoul Romito	3534288
Raphael Gualazzi	1502253
Rappresaglia	1194129
Rats	270980
Raw Power	289214
Ray Daytona & Googoobombos	1781869
Reale Accademia di Musica	765679
Reazione	968620
Red Canzian	208348
Red Light Skyscraper	5309627
RedSka	1610440
Reeds	86853
Remigio Ducros	309902
Remo Germani	1737472
Renata Scotto	851419
Renato Carosone	642612
Renato Figoli	264983
Renato Rascel	683182
Renato Sellani	543844
Renato Zero	445608
Renzo Arbore	175008
Renzo Rubino	3307866
Renzo Zenobi	1290056
Renè	3905012
Requiem	1436748
Resistenza	1956611
Rev Rev Rev	3355838
Rhapsody of Fire	624972
Rhythm of Paradise	5056993
Riccardo	3818594
Riccardo Cioni	164994
Riccardo Cocciante	399868
Riccardo Del Turco	826240
Riccardo Fogli	311510
Riccardo Maffoni	2570413
Riccardo Marasco	2953999
Riccardo Rocchi	18145
Riccardo Sinigaglia	149647
Riccardo Sinigallia	379964
Riccardo Stracciani	1166555
Riccardo Tesi	1668493
Riccardo Tesi & Banditaliana	2874979
Riccardo Zappa	1611980
Ricchi e Poveri	310136
Ricky Gianco	701162
Ricky Le Roy	6198
Ridillo	239840
Righeira	66837
Rimozionekoatta	2642385
Rino Cerrone	1790
Rino De Filippi	268952
Rino Gaetano	250149
Rino Gionchetta	2537154
Rino Salviati	917474
Rio Padice	1069519
Rise Above Dead	1984759
Risen from the Rank	7659
Riserva Moac	1766746
Rita Bertolini	1895387
Rita Marcotulli	1283662
Rita Pavone	380929
Ritmo Tribale	361406
Riva Starr	798677
Rkomi	5641710
Robert Miles	7292
Robertino	821003
Roberto Aglieri	2987470
Roberto Angelini	729842
Roberto Benigni	523697
Roberto Cacciapaglia	214572
Roberto Capuano	948339
Roberto Ciotti	679595
Roberto Colombo	217255
Roberto De Simone	906798
Roberto Gatto	341452
Roberto Giuliani	667463
Roberto Lodola	176514
Roberto Masi	170417
Roberto Murolo	917490
Roberto Musci	180280
Roberto Pregadio	285619
Roberto Soffici	920358
Roberto Vecchioni	350834
Roby Facchinetti	678293
Roby Rossini	225926
Rocco Hunt	3123859
Rodolfo De Angelis	1230048
Roland Brant	42852
Roma Amor	1115365
Romana Righetti	1870671
Romano Mussolini	9764
Romeo Livieri	1885480
Romina Power	260293
Romolo Grano	841458
Ron	1258970
Rondò Veneziano	58770
Ronin	681186
Room with a View	412840
Rosa Balistreri	1031926
Rosa Chemical	7812009
Rosanna Fratello	1118695
Rosario Bonaccorso	901455
Rose	98608
Rosolina Mar	1328515
Rossana Beccari	2816827
Rossana Casale	228254
Rossano	626035
Rosy	1024262
Rudy Rickson	1283853
Rudy Rotta	1708649
Rufus Party	2599469
Ruggero Cori	607729
Runaway Totem	1433022
Ryan Paris	49963
S-Tone Inc.	3941
SENNA	5632671
Sabino Rotunno	6077618
Sabrina Salerno	19762
Sacri Cuori	1954760
Sadist	263811
Saint Just	1544055
Sal Da Vinci	2726494
Salis	3465628
Salmo	2537786
Salvatore Baccaloni	1545414
Salvatore Idà	1475814
Sammy Barbot	206096
Samuele Bersani	364768
Sandro Brugnolini	330168
Sandro Giacobbe	380864
Sandro Mussida	4045846
Sangue Misto	1239155
Santandrea	2152944
Santarosa	588229
Santino Rocchetti	1756597
Santo California	172760
Santo Niente	965695
Saro Liotta	2402050
Satanismo Calibro 9	1251565
Saturnino	123845
Savage	15529
Savana Funk	7003733
Schizo	268618
Schola Cantorum	1472968
Sciacalli	2280053
Scialpi	490245
Scisma	361409
Scotch	19774
Secret Sphere	517019
Seismal D	1186952
Selection	111512
Selvans	4280519
Semiramis	1228989
Sensations' Fix	1091356
Senzabenza	1748700
Septycal Gorge	870316
Sergio Bruni	929969
Sergio Cammariere	1350545
Sergio Caputo	1160014
Sergio Centi	919183
Sergio Endrigo	319968
Sergio Leonardi	1108656
Sergio Lulli	920055
Sergio Mauri	2161443
Sergio Montori	309897
Severance	3217441
Sfera Ebbasta	4655440
Shablo	1216736
Shandon	729414
Shield	51360
Shiva	6945851
Shizune	3093496
Sick Luke	4788112
Sick Rose	638214
Sickhead	3870160
Silvana Fioresi	1051395
Silvano Lalli	1662893
Silvio Pozzoli	253528
Simona Molinari	2462817
Simone Burrini	598017
Simone Cristicchi	1021364
Simone Tavazzi	1043576
Simone Vitullo	184379
Sinezamia	1045341
Sinoath	1693203
Sinus	33376
Sista Maria	3283328
Six Minute War Madness	503111
Ska-J	2021205
Skanners	2098991
Skarabazoo	5235955
Skeletoon	6255728
Skiantos	314177
Skylark	931486
Solidea	1754972
Solis String Quartet	900005
Somma	145576
Sonic Jesus	3087778
Sonic Wolves	4419380
Sonohra	1768777
Sophie	36240
Sorella Maldestra	599436
Sorelle Marinetti	3354268
Sorry, Heels	4219644
Sottopressione	371948
Sottotono	473692
Soul Secret	1355658
Soulstance	5742
Sound Storm	3092496
Soviet Soviet	1769031
Space 1	148766
Space Master	43818
Space Paranoids	4501304
Sparkle in Grey	225834
Spellband	29051
Spiller	9066
Spiritual Bats	1251174
Spiritual Front	73018
Spite Extreme Wing	192005
Squadra Omega	1319600
Squallor	368478
Sshe Retina Stimulants	73083
Stadio	490242
Stage	173020
Stamina	4462604
Starfuckers	224817
State of the Art	342257
Statuto	1806890
Stazione Suicida	313937
Stearica	1192098
Stefania Rotolo	593645
Stefano Bellotti	716379
Stefano Bollani	243671
Stefano Di Battista	73857
Stefano Di Carlo	40853
Stefano Noferini	4240
Stefano Pilia	413611
Stefano Rosso	1563967
Stefano Sani	383181
Stefano Scodanibbio	214407
Stefano Secchi	80366
Stefano Torossi	9762
Stella Diana	3355836
Stelvio Cipriani	125377
Steve Rogers Band	371805
Stinky Rats	1309434
Stormlord	251702
Stormo	1935508
Stormy Six	282973
Stradaperta	2010153
Strana Officina	1713369
Strike	1382056
Stylóo	459446
Suarez	4130664
Subsonica	237324
Subterraneans	1013964
Sud Sound System	455362
Sueño Latino	649
Sunday	446512
Super B	918943
Super Elastic Bubble Plastic	2023385
Superdownhome	6823412
Supermarco May	102515
Sylvano Bussotti	177344
Symbiosi	563806
Synthesis	74337
Syria	890020
Syrian	159689
System 3	1734
Systematic	21101
Takagi & Ketra	5045061
Tale of Us	1873739
Taleesa	46003
Tampax	311319
Tasaday	138231
Tati Casoni	1338658
Tau Ceti	35992
Taurino Parvis	2818826
Taxi	1498397
Tazenda	1546033
Technoboy	51564
Tecla Insolia	7650126
Teddy Reno	926969
Tedua	5349962
Teho Teardo	369655
Tempelhof	1664736
Temperance	4380179
Tempi Duri	1141470
Tempo Zero	1263150
Tenebrae in Perpetuum	427745
Tenebro	7057432
Tenores di Bitti Mialinu Pira	11446013
Tenores di Bitti Remunnu 'E Locu	634178
Teresa De Matienzo	1780093
Teresa De Sio	664145
Teresa Rampazzi	221990
Thallulah	3397851
Thasup	6929373
That's All Folks!	1150189
The Analogue Cops	1634149
The Armed Gang	99787
The Birdmen of Alkatraz	1716326
The Blaster	20464
The Bloody Beetroots	1100480
The Blues Against Youth	2011965
The Bone Machine	2157792
The Braen's Machine	3657661
The Carnival of Fools	552065
The Clover	1139301
The Creatures	145611
The Crooks	1044473
The Death of Anna Karina	1614466
The Destroyer	24394
The Devils	5127334
The Dining Rooms	8142
The Doubling Riders	814359
The Duke of Burlington	194714
The End of Six Thousand Years	2002626
The Fire	628992
The Foreshadowing	1012486
The Frozen Autumn	94685
The Gods Planet	1738189
The Good Fellas	2011936
The High Five Quintet	690852
The Intellectuals	1620409
The Invisible Session	429654
The KGB's	85741
The Kolors	4416505
The Land of the Snow	3187190
The Lay Llamas	2988479
The Manges	452714
The Mojomatics	1793544
The Nerds	1785003
The Niro	1607816
The Others	930654
The Rapino Brothers	903
The Rogers	828135
The Sickest Squad	249669
The Smuggler Brothers	4721229
The Soundlovers	42264
The Sphere	809705
The Stunned Guys	15310
The Sun	1561163
The Uninvited	1439498
The Watch	1437752
The Winstons	4814660
The Wishmaster	25959
Thee Maldoror Kollective	413276
Thee S.T.P.	1357527
Thegiornalisti	2458391
This Side Up	715904
Three Second Kiss	503108
Three Steps to the Ocean	1162040
Throuroof	771239
Thunderstorm	320711
Thy Majestie	1048657
TiPiCal	46190
Time	19798
Time Machine	1241044
Timoria	361405
Tina Allori	1028577
Tino Vailati	1051278
Tiromancino	379963
Tito Gobbi	1341603
Tito Schipa	929908
Tito Schipa Jr.	1736801
Titta Ruffo	1393386
Tiziana Ghiglioni	2168241
Tiziana Rivale	380872
Tiziano Ferro	286825
Tiziano Popoli	516001
Tommaso Cappellato	1332873
Tommaso Leddi	545386
Tommaso Paradiso	6142277
Tommyknocker	20226
Tonico 70	5141700
Tonina Torrielli	1226308
Tons	486142
Tony Arden	1439933
Tony Bruni	2501384
Tony Cicco	368885
Tony Cucchiara	869790
Tony Dallara	528361
Tony Dee	1494180
Tony Del Monaco	1018682
Tony Esposito	61848
Tony Maiello	3224818
Tony Renis	326119
Tony Rusconi	724480
Tony Santagata	712038
Tony Tears	618030
Topper	812002
Torment	3792243
Tormento	668530
Toro Toro Taxi	4254021
Tosca	647570
Toti Dal Monte	974481
Toto Cutugno	215246
Totò Savio	197531
Train to Roots	2884146
Traks	112758
Trance Generators	44946
Trapcoustic	2595052
Tre Allegri Ragazzi Morti	1589539
Trees	354999
Tricarico	1299766
Trick or Treat	3210689
Trio Aurora	1211760
Trio Cavalazzi	5898405
Trio Lescano	921307
Tropic of Cancer	1545928
True Sleeper	6832634
Tsubo	1516677
Tullio De Piscopo	31759
Tullio Mobiglia	765166
Tullio Pane	1799128
Turi	996613
Tutti Fenomeni	6546603
Twenty Four Hours	2006847
Two Bo's Maniacs	1243594
Tying Tiffany	360585
Têtes de Bois	1633836
U.S.U.R.A.	66256
UT	1611063
Ufo Piemontesi	1179478
Ufomammut	536837
Ugo Tansini	2464761
Ugolino	1999860
Ultimo	62406
Ultra-Violence	3070465
Umberto Balsamo	370781
Umberto Bindi	636433
Umberto Marcato	503074
Umberto Napolitano	907891
Umberto Tozzi	176185
Underage	1194611
Underfish	111912
Underground Life	697022
Unexist	23423
Universal Totem Orchestra	1684085
Unreal City	4154147
Untitled Noise	5185356
Uochi Toki	681136
Upset Noise	275697
Urna	1411626
Uto Karem	780742
Uzeda	387784
VINAI	3647682
Valentina Dorme	2769287
Valentina Giovagnini	916927
Valeria Rossi	414913
Valerie Dore	44955
Valerio Scanu	3866902
Vallanzaska	1199983
Valvola	86611
Vanadium	979165
Vanessa Van Basten	832961
Vanexa	1954958
Vanilla Sky	308592
Vasco Rossi	130185
Vasso Ovale	1066396
Vegas Jones	5685253
Venegoni & Co.	1116081
Venerus	6678021
Verdena	441452
Verme	2211715
Vernice	703755
Via Dolorosa	547841
Via Verdi	287143
Vincenzo Bettoni	1581054
Vincenzo Zitello	516519
Vinicio Capossela	401936
Viola Valentino	380862
Violet Eves	1156947
Virgin	91762
Viridanse	1377603
Virtualmismo	9712
Vision Divine	406888
Vittoria Mongardi	1719291
Vittorio Gelmetti	51672
Vittorio Marsiglia	2968656
Vittorio Paltrinieri	296969
Vivien Vee	36202
Voices From the Lake	2302007
Void of Silence	573501
Volpini Volanti	432287
Voodoo Hill	388261
Vultures Vengeance	5311475
WEIRD.	3423836
Walter Foini	1016664
Walter Marchetti	79245
Walter Prati	65625
Walter Rizzati	316759
Wanda Osiris	1031381
Wasting Program	15665
We Wait for the Snow	810130
Web	12503
Wera Nepy	2803507
Whiskey Ritual	2547245
White Skull	253170
Wicked Dub Division	1119038
William Medagli	2687194
Willie Peyote	4142391
Wilma De Angelis	1502336
Wilma Goich	1020377
Wind Rose	3091790
Winged	2355395
Winter Dust	3874517
Wish Key	98606
Witchwood	4396381
Wotan	2378945
Wretched	264109
Wrongonyou	6395747
XL	32175
XP8	149439
YAGO	104930
Yo Yo Mundi	1131686
Yu Kung	1060466
Yuppie Flu	64038
Yügen	1645928
Zanagoria	1371264
Zatox	119945
Zeit	2162539
Zen Circus	503173
Zenith	5944
Zero Assoluto	238957
Zeus!	1888456
Zibba e Almalibre	2040068
Zu	212096
Zucchero	176435
dARI	1554289
gAs	1471119
Üstmamò	598804
