band	artist_id	country
'E Zezi	975509	Italy
1782	6946416	Italy
2 Minuta Dreka	434854	Italy
24 Grana	1025541	Italy
291out	3239107	Italy
3/4HadBeenEliminated	554116	Italy
49ers	34155	Italy
8 Mix	88916	Italy
883	137933	Italy
99 Posse	389919	Italy
999999999	3693507	Italy
:Of The Wand & The Moon:	39343	Denmark
A Short Apnea	170103	Italy
A Toys Orchestra	859438	Italy
A.T.R.O.X.	680430	Italy
Aage Juhl Thomsens Orkester	2982922	Denmark
Aage Thygesen	4468095	Denmark
Aase Ziegler	3736536	Denmark
Abhor	417464	Italy
Aborym	263902	Italy
Above the Tree	1766082	Italy
Abysmal Grief	760924	Italy
Accademia	1107052	Italy
Accordo dei Contrari	1546377	Italy
Ache	758954	Denmark
Achille Lauro	3781613	Italy
Achille Millo	1615158	Italy
Achille Togliani	917508	Italy
Acirne	1067157	Italy
Acqua Fragile	1136505	Italy
Ad Nauseam	4349144	Italy
Ada Montellanico	2292319	Italy
Ada Neri	1051279	Italy
Adel Valentine	2008212	Italy
Adramelch	1605129	Italy
Adriana Martino	1024685	Italy
Adriano Celentano	36543	Italy
Adriano Dodici	441786	Italy
Adriano Pappalardo	967476	Italy
Adriano Valle	1895424	Italy
Adversam	773372	Italy
Aeroplanitaliani	191844	Italy
Aeternal Seprium	5046038	Italy
Africa Unite	214561	Italy
Afsky	4776179	Denmark
Afterhours	344890	Italy
Agazzi	2061896	Italy
Aglaia	319339	Italy
Agnes Obel	1679804	Denmark
Ago	162108	Italy
Agorà	1722084	Italy
Agostino Carollo	232050	Italy
Agricantus	97259	Italy
Ain Soph	72994	Italy
Aksel Schiøtz	1287454	Denmark
Aktuala	1775431	Italy
Al Bano	602861	Italy
Al Bano & Romina	303666	Italy
Al Castellana	774746	Italy
Al Doum & The Faryds	2484267	Italy
Al Korvin	889770	Italy
Alan Barry	19789	Italy
Alan Sorrenti	208751	Italy
Alba Parietti	160008	Italy
Albatros	439912	Italy
Albert Høeberg	15453609	Denmark
Albert One	6692	Italy
Alberte	462449	Denmark
Alberto Baldan Bembo	10860	Italy
Alberto Bertoli	4321464	Italy
Alberto Boccardi	2668394	Italy
Alberto Camerini	145643	Italy
Alberto Cheli	1022419	Italy
Alberto Erede	833626	Italy
Alberto Fortis	639720	Italy
Alberto Fracasso	978260	Italy
Alberto Rabagliati	921305	Italy
Alberto Radius	342427	Italy
Alborosie	525093	Italy
Aldo Alvi	1338664	Italy
Aldo Donà	926915	Italy
Aldo Zunino	695580	Italy
Aleandro Baldi	771725	Italy
Aleph	23510	Italy
Alessandra Amoroso	1579899	Italy
Alessandra Novaga	4436754	Italy
Alessandro Bono	1537601	Italy
Alessandro Casillo	2086762	Italy
Alessandro Fain	40898	Italy
Alessandro Farace	1384	Italy
Alessandro Fiori	1079930	Italy
Alessandro Mannarino	1645255	Italy
Alessandro Monti	792920	Italy
Alessandro Picone	653448	Italy
Alessandro Safina	166481	Italy
Alessandro Tognetti	146183	Italy
Alessandro Ziliani	1342534	Italy
Alessio Mereu	814517	Italy
Alex Baroni	253491	Italy
Alex Britti	653853	Italy
Alex D'Elia	95919	Italy
Alex Gaudino	45912	Italy
Alex Gori	1484528	Italy
Alex Neri	16483	Italy
Alex Party	7282	Italy
Alex Puddu	527548	Italy
Alexander Robotnick	15975	Italy
Alexia	43736	Italy
Alfio Antico	389098	Italy
Alfredo Clerici	921314	Italy
Alice	345919	Italy
Alida Chelli	618714	Italy
Alien Force	2088553	Denmark
Alio Die	45771	Italy
Alkemy	33905	Italy
Alkoholizer	2587760	Italy
Allan Olsen	316074	Denmark
Alltheniko	1369687	Italy
Almamegretta	64628	Italy
Alphataurus	1157743	Italy
Alrune Rod	874331	Denmark
Altar of Perversion	263174	Italy
Alter Ego	296125	Italy
Altro	1450204	Italy
Alunni del Sole	827219	Italy
Alusa Fallax	1401721	Italy
Alvaro Amici	1046329	Italy
Amalia Grè	758377	Italy
Ambra Angiolini	331346	Italy
Ambrogio Sparagna	800664	Italy
Amdi Petersen Armé	937840	Denmark
Amedeo Minghi	490247	Italy
Amedeo Tommasi	368085	Italy
Amelita Galli-Curci	883266	Italy
Amir Issaa	1700857	Italy
Amnesia	431537	Italy
Amnesys	244031	Italy
Amor Fou	1930767	Italy
Amycanbe	779992	Italy
Ancient Bards	2509686	Italy
Ancient Dome	2127028	Italy
Andrea Appino	1449554	Italy
Andrea Bocelli	318300	Italy
Andrea Chimenti	798540	Italy
Andrea Doria	40130	Italy
Andrea Ferlin	497722	Italy
Andrea Laszlo De Simone	5889157	Italy
Andrea Lombardini	2471633	Italy
Andrea Mingardi	398973	Italy
Andrea Mingardi Supercircus	2015090	Italy
Andrea Mirò	1805905	Italy
Andrea Nardinocchi	2612827	Italy
Andrea Parodi	1266413	Italy
Andrea Roma	996640	Italy
Andreas Odbjerg	5263640	Denmark
Andy Bono	1331280	Italy
Angel Death	1935167	Italy
Angela Baraldi	806786	Italy
Angela Denia	3189304	Italy
Angela Luce	1629390	Italy
Angelo Bada	883265	Italy
Angelo Baroncini	531283	Italy
Angelo Branduardi	199024	Italy
Angelo Cavallaro	3794796	Italy
Angelo Francesco Lavagnino	651438	Italy
Angelo Rossi	4824924	Italy
Angelo Servida	1282867	Italy
Angels of Darkness	20648	Italy
Anguana	6386072	Italy
AniMe	1373555	Italy
Anima Lunae	821327	Italy
Anker Skjoldborgs Danseorkester	3442958	Denmark
Ankerstjerne	2627197	Denmark
Anna Identici	1031910	Italy
Anna Marchetti	2072505	Italy
Anna Oxa	297663	Italy
Anna Tatangelo	909769	Italy
Annalisa	3176593	Italy
Annalisa Minetti	1925467	Italy
Annarita Spinaci	2068516	Italy
Anne Dorte Michelsen	562336	Denmark
Anne Linnet	257747	Denmark
Anne Linnet Band	1252133	Denmark
Annette Bjergfeldt	1859909	Denmark
Annie Barbazza	4759127	Italy
Anthony's Games	176145	Italy
Anti You	1625822	Italy
Anticappella	28421	Italy
Antico	44153	Italy
Antisgammo	1215669	Italy
Antonella Ruggiero	237325	Italy
Antonello Rondi	2117751	Italy
Antonello Venditti	380858	Italy
Antonietta Laterza	1070510	Italy
Antonio & Marcello	1602494	Italy
Antonio Ballista	589703	Italy
Antonio Basurto	1166520	Italy
Antonio Iglio	1621117	Italy
Antonio Infantino	275793	Italy
Antonio Maggio	3307862	Italy
Antonio Scotti	1341436	Italy
Antonio Sorrentino	2501089	Italy
Antonio Testa	217848	Italy
Antonio Vasquez	1456443	Italy
Antonius Rex	332069	Italy
Antropofagus	478911	Italy
Anuseye	2044071	Italy
Any Other	4631623	Italy
Après La Classe	2365367	Italy
Aqua	38862	Denmark
Ardecore	1185514	Italy
Area	313917	Italy
Area II	2597396	Italy
Aretuska	381110	Italy
Argine	132370	Italy
Arianna Antinori	5713732	Italy
Ariete	8729557	Italy
Ariodante Dalla	3658917	Italy
Arisa	2752896	Italy
Arkè String Quartet	1128242	Italy
Armageddon Project	20654	Italy
Armando De Razza	1036618	Italy
Armando Gentilucci	2122553	Italy
Armando Savini	1967842	Italy
Armando Sciascia	261011	Italy
Armonite	3659924	Italy
Armonium	383180	Italy
Arpioni	1500699	Italy
Arrigt Antræk	596302	Denmark
Art of Fighters	20215	Italy
Arthemis	1908715	Italy
Arti & Mestieri	1030927	Italy
Articolo 31	232886	Italy
Artillery	405691	Denmark
Arturo Stalteri	199257	Italy
Arturo Testa	970878	Italy
Ash Code	3844956	Italy
Asinhell	13256076	Denmark
Asociale	1710647	Italy
Assalti Frontali	882101	Italy
Assedium	2905162	Italy
Assemblea Musicale Teatrale	1818287	Italy
Assumption	2988323	Italy
Astaroth	1953369	Italy
Atahualpa	28122	Italy
Ataraxia	149072	Italy
Atlante	178248	Italy
Atomic Mold	5388740	Italy
Aucan	1609939	Italy
Audio 2	1049601	Italy
Audiomatiques	2633219	Italy
Augusto Martelli	330493	Italy
Aura Dione	2499232	Denmark
Aura Safari	7259366	Italy
Aurelio Fierro	455009	Italy
Aurelio Gabrè	920376	Italy
Avion Travel	1400400	Italy
Axel Boesen	2982933	Denmark
Axevyper	2925317	Italy
Azoto	25955	Italy
B for Bang	1743641	Italy
B.R. Stylers	963124	Italy
Baba Yaga	1187321	Italy
Babe Roots	4139794	Italy
Baby K	1983178	Italy
Baby Woodrose	537044	Denmark
Baby's Gang	19800	Italy
Bachi da pietra	971927	Italy
Back To Back	69009	Denmark
Bacon Popper	24331	Italy
Bad Sector	73044	Italy
Bagarre	297755	Italy
Balanço	3754	Italy
Balstyrko	1392712	Denmark
Baltimora	106870	Italy
Bamses Venner	568480	Denmark
Banco del Mutuo Soccorso	353382	Italy
Band Aid	208700	Italy
Banda Bassotti	381115	Italy
Banda Osiris	361410	Italy
Bandabardò	1269926	Italy
Barbados Climax	421050	Italy
Barbara Cola	345493	Italy
Barbara Lory	1847235	Italy
Barcode Brothers	74273	Denmark
Baryonyx	5979382	Italy
Bassa Clan	4269225	Italy
Bassi Maestro	774755	Italy
Baustelle	829559	Italy
Be Forest	2251320	Italy
Beast	5412812	Denmark
Beatrice Antolini	1403733	Italy
Beatrik	837342	Italy
Beau Geste	2216656	Italy
Bebo Baldan	325421	Italy
Bee Bee Sea	4659835	Italy
Beefeaters	1023799	Denmark
Beholder	2531922	Italy
Belen Thomas	363457	Italy
Belfie & Toche	1742332	Italy
Bellini	409622	Italy
Benal	4674688	Denmark
Benassi Bros.	171187	Italy
Bengi	475850	Italy
Beniamino Gigli	436167	Italy
Benny Benassi	93375	Italy
Bent Fabricius-Bjerre	660412	Denmark
Bent Fabricius-Bjerres Orkester	3857274	Denmark
Beppe Gambetta	2053949	Italy
Bersærk	4662760	Denmark
Betty Curtis	1061013	Italy
Biagio Antonacci	230620	Italy
Bichord	5094778	Italy
Bifrost	707376	Denmark
Big Fat Snake	453030	Denmark
Big Fish	3324442	Italy
Big Joe	2736699	Italy
Biga	1425407	Italy
Biglietto per l'Inferno	629080	Italy
Bikstok Røgsystem	272410	Denmark
Billy More	50306	Italy
Birthe Kjær	689305	Denmark
Birthe Wilke	1825984	Denmark
Bisca	233124	Italy
Bismark	6194	Italy
Bit-Max	67311	Italy
Bjarne Lisby	1810425	Denmark
Bjørn Tidmand	1448416	Denmark
Black Box	7289	Italy
Black Hole	2137111	Italy
Black Legend	12963	Italy
Black Machine	32164	Italy
Black Oath	2108380	Italy
Black Rainbows	2330060	Italy
Blasphemophagher	1375622	Italy
Blast	19662	Italy
Blast Furnace	1295287	Denmark
Blessed Child Opera	751757	Italy
Bliss	16712	Denmark
Bliss Team	43978	Italy
Bloody Riot	1436055	Italy
Blown Paper Bags	1387838	Italy
Blue Stuff	2102859	Italy
Blue Vomit	472766	Italy
Bluebeaters	4184874	Italy
Blume	2763317	Italy
Bluvertigo	361408	Italy
Bob Corn	1374993	Italy
Bobby Solo	409131	Italy
Bobo Moreno	1043554	Denmark
Bobo Rondelli	1592797	Italy
Bochum Welt	982	Italy
Bodil Steen	3464060	Denmark
Bologna Violenta	792226	Italy
Boohoos	766548	Italy
Boomdabash	2374816	Italy
Bossa Nostra	52613	Italy
Boston 168	3777272	Italy
Bottin	1181868	Italy
Bottomless	9709495	Italy
Brain Ovulation	82892	Italy
Brando Lupi	226822	Italy
Bravo	949719	Italy
Brdr. Olsen	669860	Denmark
Bremer/McCoy	4362623	Denmark
Bresh	5641711	Italy
Brian Ice	36233	Italy
Briga	3778624	Italy
Brother Brown	4483	Denmark
Brunetta	281969	Italy
Bruno Battisti D'Amario	314527	Italy
Bruno D'Andrea	1503582	Italy
Bruno Dasi	2668893	Italy
Bruno Filippini	1055710	Italy
Bruno Henriksens Arena Orkester	3738387	Denmark
Bruno Lauzi	374646	Italy
Bruno Martino	717590	Italy
Bruno Pallesi	870650	Italy
Bruno Quirinetta	1749761	Italy
Bruno Rosettani	921237	Italy
Bruno Venturini	1602980	Italy
Brunori Sas	2040072	Italy
Brünndl	4656985	Italy
Bud Spencer Blues Explosion	813928	Italy
Bugo	112699	Italy
Bulldozer	260862	Italy
Burhan G	377590	Denmark
Burial	7026596	Italy
Burning Red Ivanhoe	1018058	Denmark
By All Means	1052457	Italy
Børge Friis Med Rytmikere	1396117	Denmark
Børge Rosenbaum	3822166	Denmark
C. V. Jørgensen	464793	Denmark
C.K	4554933	Denmark
C.U.B.A. Cabbal	1701142	Italy
CCCP	256245	Italy
CFF e il Nomade Venerabile	3722494	Italy
CO.RO.	267031	Italy
CSI	146803	Italy
Cabal	5187703	Denmark
Cadaveria	449975	Italy
Cadaveric Crematorium	1589071	Italy
Cafè Caracas	1168355	Italy
Calcutta	971242	Italy
Calibro 35	1332277	Italy
Call the Cops	4607296	Italy
Calomito	1135929	Italy
Calvary	1242355	Italy
Camerata Mediolanense	149126	Italy
Campo di Marte	1678269	Italy
Campos	719509	Italy
Canaan	100081	Italy
Cani	1253585	Italy
Canova	5910987	Italy
Canton	274226	Italy
Cantovivo	2874976	Italy
Canzoniere Grecanico Salentino	2496156	Italy
Canzoniere Internazionale	1268486	Italy
Canzoniere del Lazio	1969325	Italy
Canzoniere delle Lame	1313214	Italy
Caparezza	200304	Italy
Capo Plaza	6413223	Italy
Cappella	7669	Italy
Carillon Del Dolore	718591	Italy
Carl Brave	5738143	Italy
Carl Fischer	3736538	Denmark
Carla Boni	401635	Italy
Carlo Buti	899146	Italy
Carlo Dapporto	2676943	Italy
Carlo Moreno	1063398	Italy
Carlo Pierangeli	2628049	Italy
Carlo Tagliabue	1415870	Italy
Carmelo Zappulla	2118137	Italy
Carmen Consoli	360999	Italy
Carmen Russo	1595483	Italy
Carmen Villani	305274	Italy
Caronte	3018682	Italy
Carpark North	308262	Denmark
Carrara	44956	Italy
Casino Royale	214114	Italy
Catarrhal Noise	5198404	Italy
Caterina Barbieri	4041058	Italy
Caterina Bueno	1791649	Italy
Caterina Caselli	924805	Italy
Caterina Valente	294306	Italy
Catherine Spaak	319969	Italy
Cattive Abitudini	2022590	Italy
Causa Sui	497561	Denmark
Celeste	1302431	Italy
Cervello	1184950	Italy
Cesare Basile	631484	Italy
Cesare Cremonini	904258	Italy
Cesare Poggi	2434213	Italy
Cesco Anselmo	600514	Italy
Change	17967	Italy
Charlie	2951466	Italy
Chase	44146	Italy
Checco Zalone	585186	Italy
Cheetah Chrome Motherfuckers	372560	Italy
Chef Ragoo	2473213	Italy
Chelmno	524516	Italy
Chester	36207	Italy
Chiara Civello	304615	Italy
Chicco Secci	27199	Italy
Chicoria	2091766	Italy
Chief 1	109366	Denmark
Chief e Soci	880686	Italy
Chiello	8746381	Italy
Children of Technology	1508022	Italy
Choir Of Young Believers	865894	Denmark
Chominciamento Di Gioia	881597	Italy
Christian	3551407	Italy
Christian Arhoff	3017772	Denmark
Christian De Sica	2149873	Italy
Christian Gottschalch	4276213	Denmark
Christian Meyer	1035112	Italy
Christopher	2696987	Denmark
Christy	281971	Italy
Chronics	2212191	Italy
Church of Violence	1696189	Italy
Ciao Fellini	176226	Italy
Cicci Santucci	45765	Italy
Cinzia Paglini	3603053	Italy
Circus Joy	73087	Italy
Ciro Sebastianelli	1747674	Italy
Clara Jaione	925020	Italy
Claudia Antonelli	2343633	Italy
Claudia Mori	311515	Italy
Claudio Baglioni	638411	Italy
Claudio Cataldi	1806922	Italy
Claudio Gizzi	634327	Italy
Claudio Lolli	1053623	Italy
Claudio Mattone	698822	Italy
Claudio PRC	881554	Italy
Claudio Rocchi	416225	Italy
Claudio Simonetti	149103	Italy
Claudio Simonetti's Goblin	3807015	Italy
Claudio Tallino	796680	Italy
Claudio Terni	1719275	Italy
Claudio Villa	781235	Italy
Claus Hempler	316075	Denmark
Clausen & Petersen	762783	Denmark
Claver Gold	2230066	Italy
Clem Sacco	890321	Italy
Clementino	1555525	Italy
Clio	154990	Italy
Clockwork	2686693	Italy
Club Dogo	726439	Italy
Club Paradiso	5947167	Italy
Clubhouse	37222	Italy
Cluster	2045896	Italy
Clustersun	4802961	Italy
CoCo	6549413	Italy
Cochi & Renato	712051	Italy
Coez	1711210	Italy
Colapesce	2684107	Italy
Colla Zio	12527926	Italy
Collage	1139724	Italy
Colle der Fomento	878867	Italy
Coma Cose	6717932	Italy
Comaneci	2187249	Italy
Computers	1741170	Italy
Comrades	191013	Italy
Concetta Barra	1724571	Italy
Concrete	1064001	Italy
Confrontational	4716542	Italy
Confusional Quartet	270982	Italy
Contrasto	251698	Italy
Contropotere	335762	Italy
Cor Veleno	1154037	Italy
Core Pusher	20196	Italy
Corona	23387	Italy
Corpsefucking Art	407880	Italy
Corrado Lojacono	1306279	Italy
Corrado Mantoni	1811943	Italy
Corte dei Miracoli	1189124	Italy
Cosimo Di Ceglie	890329	Italy
Cosmetic	2310191	Italy
Crash Box	313943	Italy
Cripple Bastards	253704	Italy
Cristiano De André	1131687	Italy
Cristiano Godano	1034969	Italy
Cristiano Malgioglio	732784	Italy
Cristina D'Avena	1260543	Italy
Cristina Donà	999466	Italy
Croatian Amor	2488562	Denmark
Crookers	718833	Italy
Crown of Autumn	1683534	Italy
Cruisin' Gang	19803	Italy
Crunch	941233	Italy
Crying Steel	2017727	Italy
Cube	100358	Italy
Culpepers Orchard	1345015	Denmark
Cultus Sanguine	269389	Italy
Cut 'N Move	121163	Denmark
CxixB	3616273	Italy
Cyber People	19792	Italy
Cæsar	606202	Denmark
D'Arcangelo	2240	Italy
D-A-D	272991	Denmark
D. D. Sound	66617	Italy
DGM	1940603	Italy
DJ Alligator Project	94019	Denmark
DJ Cerla	38360	Italy
DJ D	688	Italy
DJ Dado	16362	Italy
DJ Double S	1607604	Italy
DJ Farrapo	521927	Italy
DJ Fary	198976	Italy
DJ Fastcut	3113929	Italy
DJ Francesco	213976	Italy
DJ Gius	11546	Italy
DJ Gruff	170972	Italy
DJ Herbie	11951	Italy
DJ Jad	183896	Italy
DJ Lancinhouse	37469	Italy
DJ Mad Dog	20231	Italy
DJ Miko	53440	Italy
DJ Myke	1709357	Italy
DJ Panda	51168	Italy
DJ Professor	13548	Italy
DJ Ross	62735	Italy
DJ Shocca	774745	Italy
DJ Skizo	79187	Italy
DJ Sossa	675499	Italy
DJ Stardust	71769	Italy
DJ Tennis	3024381	Italy
DJ Uovo	21057	Italy
DJ Vortex & Arpa's Dream	48526	Italy
DJ X-Fly	75815	Italy
Da Blitz	44496	Italy
Da Lukas	53976	Italy
Daemonia	275141	Italy
Daily Fauli	1402353	Denmark
Daisy Lumini	1446975	Italy
Dalida	146664	Italy
Dalton	1815467	Denmark
Dan I	656105	Italy
Dan Turèl & Sølvstjernerne	731066	Denmark
Dandi & Ugo	313890	Italy
Dani Faiv	5790857	Italy
Daniel Sentacruz Ensemble	322459	Italy
Daniela Casa	659169	Italy
Daniela Davoli	342222	Italy
Daniela Goggi	729839	Italy
Daniele Baldelli	250959	Italy
Daniele Danieli	71522	Italy
Daniele Di Bonaventura	503228	Italy
Daniele Di Gregorio	378889	Italy
Daniele Gas	128930	Italy
Daniele Kama	1162238	Italy
Daniele Papini	782666	Italy
Daniele Patucchi	61499	Italy
Daniele Serra	1246948	Italy
Daniele Silvestri	382714	Italy
Daniele Tenca	3076546	Italy
Daniele Tignino	45801	Italy
Danilo Rea	630531	Italy
Danilo Vigorito	22748	Italy
Danny Keith	88801	Italy
Danny Trejo	3605072	Italy
Danseorkestret	684843	Denmark
Danser med Drenge	521401	Denmark
Dargen D'Amico	1201631	Italy
Dario Baldan Bembo	380870	Italy
Dario Rodighiero	10312243	Italy
Dario Tilli	1971274	Italy
Dark Lunacy	700097	Italy
Dark Polo Gang	5264000	Italy
Dark Quarterer	311076	Italy
Datura	30878	Italy
Dave Rodgers	161889	Italy
David Riondino	780943	Italy
Davide Cedolin	7380580	Italy
Davide Ruberto	45484	Italy
Davide Shorty	5119299	Italy
Davide Squillace	32847	Italy
Davide Van De Sfroos	705364	Italy
Day Of Phoenix	1014340	Denmark
Daze	13538	Denmark
De Eneste To	1978034	Denmark
De Nattergale	727944	Denmark
De Tre Fra Radioen	11587673	Denmark
DeLaVega	6182000	Italy
Dea Garbaccio	1460566	Italy
Deadsonika	1744976	Italy
Death SS	316312	Italy
Deathrage	913122	Italy
Deathrow	1208582	Italy
Deborah De Luca	3228307	Italy
Deca	73041	Italy
Decibel	1092394	Italy
Declino	426083	Italy
Dedalus	1085651	Italy
Delia Scala	1045027	Italy
Delirium	155385	Italy
Delta Blues Band	762784	Denmark
Delta V	485714	Italy
Delta-Cross Band	762797	Denmark
Demetrio Stratos	328448	Italy
Den Gale Pose	472460	Denmark
Den Harrow	19768	Italy
Den Sorte Skole	914234	Denmark
Denovo	371809	Italy
Dente	1266415	Italy
Derozer	1480202	Italy
Destrage	2278409	Italy
Det Brune Punktum	471802	Denmark
Det Kongelige Kapel	1297439	Denmark
Detestor	2191328	Italy
Detonazione	495740	Italy
Detto Mariano	307664	Italy
Deus ex Machina	1458276	Italy
Devi Tensione	8276696	Italy
Devil Doll	285577	Italy
Devoid of Thought	6259220	Italy
Devotion	7791451	Italy
Dewarsteiner	1938478	Italy
Dhany	52724	Italy
Diaframma	493560	Italy
Diana Est	144193	Italy
Diego Deadman Potron	4962612	Italy
Digi G'Alessio	1489841	Italy
Digital Boy	7400	Italy
Dik Dik	583578	Italy
Dilaila	2599022	Italy
Dimartino	2117533	Italy
Dinkis	3734612	Italy
Dino Borgioli	3036060	Italy
Dino Lenny	13785	Italy
Dino Maggiorana	579977	Italy
Dino Olivieri	761898	Italy
Dino Rubino	4213574	Italy
Dino Sabatini	773271	Italy
Dino Sarti	1136726	Italy
Diodato	4097018	Italy
Dirch Passer	743091	Denmark
Dirotta su Cuba	890011	Italy
Disarmonia Mundi	580663	Italy
Disciplinatha	451330	Italy
Diskofil	365625	Denmark
Disper-Azione	1561231	Italy
Dizzy Mizz Lizzy	257957	Denmark
Djuma Soundsystem	157189	Denmark
Do Nascimiento	2483355	Italy
Doctor 3	2487801	Italy
Doctor's Cat	15979	Italy
Dodi Battaglia	351837	Italy
Dodo and the Dodo's	638330	Denmark
Dolcenera	399362	Italy
Domenico Modugno	311963	Italy
Domine	608606	Italy
Don Antonio	5784198	Italy
Don Backy	891993	Italy
Don Carlos	1188	Italy
Don Joe	1216733	Italy
Donatella Milani	380873	Italy
Donatella Rettore	1773230	Italy
Donatello	1168594	Italy
Donato Dozzy	202097	Italy
Donella Del Monaco	1116200	Italy
Doomsword	274119	Italy
Doomwork	1595366	Italy
Dope Stars Inc	527983	Italy
Dora Moroni	1976855	Italy
Dori Ghezzi	383179	Italy
Dorthe Kollo	692602	Denmark
DoubKore	2460285	Italy
Double Dee	31035	Italy
Double You	7620	Italy
Doublewave	2216306	Italy
Dr. Baker	38417	Denmark
Drakkar	1933413	Italy
DrefGold	6255827	Italy
Drori-Hansen Furniture	396475	Denmark
Drupi	327416	Italy
Dub Hunters	7545380	Italy
Duilio Radici	2745556	Italy
Dumbo Gets Mad	2240437	Italy
Dumbo Station	6724435	Italy
Duo di Piadena	1268485	Italy
Duracel	2120560	Italy
Dusty Kid	499991	Italy
Dynatron	3175199	Denmark
Dúné	855152	Denmark
E.V.O.E.	77096	Italy
EGreen	3654723	Italy
East Side Beat	13537	Italy
Easy Going	3461	Italy
Edda	2682268	Italy
Edda Dell'Orso	100317	Italy
Edda Ollari	2071775	Italy
Eddie Russell	3029220	Denmark
Edge of Universe	110724	Italy
Edi Laider	6199231	Denmark
Edmonda Aldini	1161413	Italy
Edo Pietrogrande	1035038	Italy
Edoardo Bennato	53807	Italy
Edoardo De Angelis	597824	Italy
Edoardo Vianello	372878	Italy
Eduardo De Crescenzo	503124	Italy
Efterklang	234846	Denmark
Egida Aurea	862645	Italy
Egisto Macchi	320915	Italy
Eiffel 65	11149	Italy
Einstein Doctor DJ	27216	Italy
El Pasador	552466	Italy
El Presidente	233751	Italy
Eldritch	376767	Italy
Electric Mind	142345	Italy
Electrocution	666462	Italy
Elena Beltrami	2831143	Italy
Elephant Brain	5563614	Italy
Elettra Lamborghini	6333620	Italy
Eliana Cargnelutti	4756421	Italy
Elio Lotti	1442241	Italy
Elio e le Storie Tese	191166	Italy
Elisa	65897	Italy
Elisabeth	652254	Denmark
Elisabetta Viviani	1299408	Italy
Elisir	22963	Italy
Ellen Gottschalch	2135584	Denmark
Elo Magnussen Og Hans Orkester	2986834	Denmark
Elodie	12484582	Italy
Elsa Jena	3547111	Denmark
Elsa Mazzetti	1694030	Italy
Elsa Merlini	935857	Italy
Elsa Sigfúss	3151666	Denmark
Elvenking	420562	Italy
Emi Doré	2201258	Italy
Emilio Livi	927829	Italy
Emilio Pericoli	1291296	Italy
Emis Killa	2596237	Italy
Emma Marrone	1882275	Italy
Emmanuel	1097313	Italy
En Declin	523051	Italy
En Manque D'Autre	781163	Italy
Enisum	4055258	Italy
Ennio Morricone	15900	Italy
Enrico BSJ Ferrari	7551947	Italy
Enrico Caruso	319180	Italy
Enrico Cascella	1611756	Italy
Enrico Gabrielli	1079953	Italy
Enrico Mantini	55763	Italy
Enrico Montesano	1230042	Italy
Enrico Musiani	1901062	Italy
Enrico Nigiotti	4232032	Italy
Enrico Pieranunzi	298100	Italy
Enrico Rava	243675	Italy
Enrico Rava Quintet	2219240	Italy
Enrico Ruggeri	503126	Italy
Enrico Sangiuliano	1684763	Italy
Enrico Simonetti	521222	Italy
Ensi	1700858	Italy
Enzo & Terry	2200745	Italy
Enzo Aita	919425	Italy
Enzo Amadori	1119092	Italy
Enzo Avitabile	6706	Italy
Enzo Carella	1435331	Italy
Enzo Ceragioli	920110	Italy
Enzo De Muro Lomanto	1831163	Italy
Enzo Di Domenico	2061510	Italy
Enzo Favata	1983364	Italy
Enzo Gragnaniello	385292	Italy
Enzo Jannacci	712046	Italy
Enzo Malepasso	380863	Italy
Enzo Maolucci	2476250	Italy
Enzo Scoppa	45766	Italy
Ephel Duath	263559	Italy
Equipe 84	967455	Italy
Erann DD	39388	Denmark
Erica Mou	2040069	Italy
Erik Michaelsen	3117107	Denmark
Erik Tuxen Og Hans Orkester	3736771	Denmark
Erika	80584	Italy
Erika de Casier	9939589	Denmark
Ermal Meta	2474191	Italy
Ernesto Badini	2034904	Italy
Ernesto Bonino	921313	Italy
Ernia	6180074	Italy
Ernst Borgstrøm	2228541	Denmark
Erode	930542	Italy
Esecutori di Metallo su Carta	6780051	Italy
Estra	503110	Italy
Etnica	4513	Italy
Etrusca 3D	8117865	Italy
Etrusgrave	3010425	Italy
Eu's Arse	1383908	Italy
Eugenia Foligatti	1243702	Italy
Eugenio Bennato	853538	Italy
Eugenio Cibelli	3451379	Italy
Eugenio Finardi	443966	Italy
Eugenio in Via Di Gioia	5101768	Italy
Eva Nova	89108	Italy
Evelina Sironi	1437209	Italy
Eversor	930583	Italy
Evol	262337	Italy
Ex-Otago	1106707	Italy
Excidium	262324	Italy
Extrema	119629	Italy
Ezio Bosso	635033	Italy
Ezra Winston	1445303	Italy
F.ormal L.ogic D.ecay	112671	Italy
FEM Prog Band	3105347	Italy
FPI Project	18726	Italy
Fab Samperi	967682	Italy
Fabi Silvestri Gazzè	4007593	Italy
Fabio Concato	679571	Italy
Fabio Fabor	707941	Italy
Fabio Giannelli	621262	Italy
Fabio Locati	80630	Italy
Fabio Monesi	2473834	Italy
Fabio Orsi	402050	Italy
Fabio Treves	869362	Italy
Fabri Fibra	726440	Italy
Fabrizio Cammarata	5354120	Italy
Fabrizio De André	660740	Italy
Fabrizio Ferretti	1360548	Italy
Fabrizio Lapiana	1168796	Italy
Fabrizio Moro	1088887	Italy
Fabrizio Paterlini	1605089	Italy
Fabrizio Sferra	1936962	Italy
Fallout	62501	Italy
Fanny Cadeo	4662	Italy
Fargetta	18063	Italy
Fast Animals and Slow Kids	2048251	Italy
Fate	1001887	Denmark
Father Murphy	1341095	Italy
Faust'O	830924	Italy
Fausto Amodei	1031931	Italy
Fausto Cigliano	319977	Italy
Fausto Leali	327903	Italy
Fausto Mesolella	1036666	Italy
Faz Waltz	3056313	Italy
Federico Albanese	1708425	Italy
Federico Poggipollini	1033608	Italy
Federico Scavo	276847	Italy
Fedez	2865493	Italy
Fernando Orlandis	2874947	Italy
Ferruccio Tagliavini	1051424	Italy
Fiamma Fumana	716381	Italy
Fil Di Ferro	1921959	Italy
Filippo Maria Bressan	897422	Italy
Filur	3341	Denmark
Fine Before You Came	1572099	Italy
Fini Henriques	1624326	Denmark
Finley	1554290	Italy
Finzy Kontini	171123	Italy
Fiordaliso	126162	Italy
Fiorella Bini	1125596	Italy
Fiorella Mannoia	371804	Italy
Fiorello	71521	Italy
Fiorenzo Carpi	658162	Italy
Firefly	65629	Italy
Fjieri	1826509	Italy
Flaminio Maphia	141241	Italy
Flashmen	2432300	Italy
Flavia Fortunato	380859	Italy
Flavio Boltro	345331	Italy
Flavio Folco	1109015	Italy
Flavio Giurato	1780675	Italy
Flavio Pirini	7415187	Italy
Flavio Vecchi	42764	Italy
Flemming Bamse Jørgensen	692594	Denmark
Fleshgod Apocalypse	1955063	Italy
Fletch	32147	Denmark
Fleur De Lis	2780728	Denmark
Flickman	12241	Italy
Flo Sandon's	455012	Italy
Floorfilla	27927	Italy
Fluxus	1695150	Italy
Fockewulf 190	262200	Italy
Foja	1513056	Italy
Folk Studio A	4711771	Italy
Folkeklubben	2950045	Denmark
Folkstone	2993730	Italy
Forgotten Tomb	420341	Italy
Formula 3	679575	Italy
Four Flying Ducks	2548557	Italy
Four Jacks	59765	Denmark
Fourteen 14	130154	Italy
Frah Quintale	5351760	Italy
Frammenti	681149	Italy
Franca Raimondi	1112948	Italy
Francesca Alotta	1574125	Italy
Francesca Michielin	3189227	Italy
Francesco Albanese	976382	Italy
Francesco Baccini	679574	Italy
Francesco Bruno	281226	Italy
Francesco Cafiso	695587	Italy
Francesco Cavaliere	1228331	Italy
Francesco Daddi	1710774	Italy
Francesco De Gregori	503075	Italy
Francesco Di Bella	1560631	Italy
Francesco Dinoia	3395517	Italy
Francesco Diodati	2744907	Italy
Francesco Gabbani	2315155	Italy
Francesco Guccini	490256	Italy
Francesco Messina	604262	Italy
Francesco Nuti	712042	Italy
Francesco Paladino	286051	Italy
Francesco Piu	3718706	Italy
Francesco Ponticelli	2219337	Italy
Francesco Renga	349215	Italy
Francesco Salvi	36241	Italy
Francesco Zappalà	49594	Italy
Franchino	15251	Italy
Francisco	105591	Italy
Franco Battiato	114390	Italy
Franco Bixio	125381	Italy
Franco Califano	1054252	Italy
Franco Cerri	543841	Italy
Franco D'Andrea	338616	Italy
Franco Dani	531383	Italy
Franco Fanigliulo	1044352	Italy
Franco Fasano	617373	Italy
Franco Franchi	2035255	Italy
Franco Godi	60559	Italy
Franco IV e Franco I	1127907	Italy
Franco Micalizzi	157482	Italy
Franco Mojoli	1727121	Italy
Franco Morone	1515309	Italy
Franco Potenza	1029868	Italy
Franco Ricci	921783	Italy
Franco Simone	851819	Italy
Franco Tonani	968447	Italy
Franco Tozzi	1024414	Italy
Franco Trincale	1660759	Italy
Franco e i G5	1112960	Italy
Franco126	5738142	Italy
Frangar	1681508	Italy
Frank 'O Moiraghi	18466	Italy
Frankie hi-nrg mc	97356	Italy
Frankyeffe	1173236	Italy
Frans Andersson	2986742	Denmark
Fratelli di Soledad	1194134	Italy
Freak Antoni	1344723	Italy
Fred Bongusto	9772	Italy
Fred Buscaglione	360695	Italy
Fred De Palma	3475626	Italy
Fred Ventura	19799	Italy
Frederik Jensen	3226275	Denmark
Frederik d. IX	4490529	Denmark
Frigidaire Tango	899351	Italy
Fritz da Cat	305803	Italy
From Depths	2004907	Italy
Frozen Crown	6326683	Italy
Fulci	4603850	Italy
Fulminacci	7127030	Italy
Fun Fun	36214	Italy
Funeral Oration	251815	Italy
Fuoco Fatuo	3286294	Italy
Furor Gallico	2701808	Italy
Futuro Antico	1612050	Italy
Fuzz Orchestra	1395427	Italy
Fuzzy Hair	156887	Italy
Fyrtårnet Og Bivognen	8115920	Denmark
G&D	4230335	Italy
Gabin	63717	Italy
Gabriele Carasco	1348114	Italy
Gabriella Ferri	928234	Italy
Gabry Fasano	6205	Italy
Gabry Ponte	62991	Italy
Gaetano Liguori	1212817	Italy
Gaetano Parisio	1383	Italy
Gaia	7351488	Italy
Gala Rizzato	10770	Italy
Gam Gam	46001	Italy
Gambafreaks	6425	Italy
Game	161159	Italy
Game Over	3510737	Italy
Gang	492168	Italy
Gangway	328477	Denmark
Ganji Killah	2959517	Italy
Garbo	391962	Italy
Garybaldi	1195278	Italy
Gasolin	230853	Denmark
Gatto Marte	1450189	Italy
Gatto Panceri	3145504	Italy
Gaudi	58101	Italy
Gazebo	47835	Italy
Gazebo Penguins	2278849	Italy
Gaznevada	50570	Italy
Gazosa	935718	Italy
Gazzelle	110565	Italy
Gellin & Borgstrøm	2228542	Denmark
Gem Boy	4310472	Italy
Gemelli Diversi	157336	Italy
Gemello	3564072	Italy
Gemitaiz	2668962	Italy
Generic Animal	6112000	Italy
Genius	514821	Italy
Gens	1219312	Italy
Geolier	7025456	Italy
George Aaron	243002	Italy
Gepy & Gepy	292657	Italy
Gerardina Trovato	232885	Italy
Gerardo Casiello	5520913	Italy
Gerardo Frisina	27989	Italy
Gerda	1756886	Italy
Gerda Og Ulrik Neumann	3736531	Denmark
Germana Caroli	455013	Italy
Gerson	2169586	Italy
Ghali	5777637	Italy
Ghigo Agosti	859852	Italy
Giacomo Dell'Orso	1305215	Italy
Giacomo Rondinella	931694	Italy
Giacomo Trevi	3293520	Italy
Gialloman	1217680	Italy
Giammarco Orsini	4247191	Italy
Giampiero Artegiani	973182	Italy
Giampiero Boneschi	61498	Italy
Gian Costello	1828575	Italy
Gian Paolo Chiti	309898	Italy
Gian Pieretti	1171304	Italy
Gian Piero Reverberi	281531	Italy
Giancane	1419053	Italy
Giancarlo Cardini	580306	Italy
Giancarlo Chiaramello	315187	Italy
Giancarlo Gazzani	314292	Italy
Giancarlo Toniutti	83226	Italy
Gianfranco Manfredi	1197607	Italy
Giangilberto Monti	1084702	Italy
Gianluca Becuzzi	539766	Italy
Gianluca Grignani	315070	Italy
Gianluca Petrella	50616	Italy
Gianluigi Trovesi	630133	Italy
Gianmaria Testa	791143	Italy
Gianna Nannini	175006	Italy
Gianni Bella	529900	Italy
Gianni Bini	61850	Italy
Gianni Bismark	5349961	Italy
Gianni Drudi	712043	Italy
Gianni Fallabrino	1391569	Italy
Gianni Gebbia	495363	Italy
Gianni Giublena Rosacroce	2512058	Italy
Gianni Marchetti	65182	Italy
Gianni Maroccolo	384104	Italy
Gianni Maselli	861911	Italy
Gianni Mazza	569776	Italy
Gianni Meccia	786609	Italy
Gianni Morandi	410333	Italy
Gianni Nazzaro	559680	Italy
Gianni Oddi	600513	Italy
Gianni Parrini	114901	Italy
Gianni Pellecchia	559246	Italy
Gianni Pettenati	359797	Italy
Gianni Togni	380856	Italy
Giardini di Mirò	94083	Italy
Gigi Beccaria	926710	Italy
Gigi D'Agostino	15228	Italy
Gigi D'Alessio	839027	Italy
Gigi Masin	491206	Italy
Gigione	887686	Italy
Gigliola Cinquetti	464799	Italy
Gil Ventura	382456	Italy
Gilda Giuliani	1136093	Italy
Gilli	2719102	Denmark
Gina Viafora	2705492	Italy
Ginevra Di Marco	384103	Italy
Gino Latilla	917469	Italy
Gino Martinez Patti	1487855	Italy
Gino Paoli	319978	Italy
Gino Santecole	772492	Italy
Giorgia	323606	Italy
Giorgio Canali & Rossofuoco	3544221	Italy
Giorgio Consolini	924991	Italy
Giorgio Faletti	655151	Italy
Giorgio Gaber	655157	Italy
Giorgio Gigli	98481	Italy
Giorgio Lo Cascio	2417413	Italy
Giorgio Moroder	4205	Italy
Giorgio Poi	6673039	Italy
Giorgio Prezioso	86794	Italy
Giorgio Rusconi	1981769	Italy
Giovanna Marini	560714	Italy
Giovanna Nocetti	1827188	Italy
Giovanni Allevi	676568	Italy
Giovanni Caccamo	835011	Italy
Giovanni Di Domenico	856760	Italy
Giovanni Fenati	455014	Italy
Giovanni Fusco	560717	Italy
Giovanni Martinelli	1043562	Italy
Giovanni Sollima	809779	Italy
Giovanni Tommaso	281526	Italy
Giovanni Truppi	2749961	Italy
Giovanni Zenatello	1383604	Italy
Gipo Farassino	1969988	Italy
Girolamo De Simone	659970	Italy
Gitte Hænning	689281	Denmark
Giuda	1696236	Italy
Giuda (2)	2214978	Italy
Giuliano Dottori	1930787	Italy
Giuliano Sorgini	309903	Italy
Giulio Stocchi	1828151	Italy
Giuni Russo	361658	Italy
Giuntini Project	2623191	Italy
Giuseppe Cionfoli	1451875	Italy
Giuseppe De Luca	1809195	Italy
Giuseppe Lugo	1051425	Italy
Giuseppe Negroni	2213359	Italy
Giuseppe Nessi	1350030	Italy
Giuseppe Ottaviani	365745	Italy
Giuseppe Servillo	921342	Italy
Giuseppe di Stefano	696181	Italy
Giusto Pio	369428	Italy
Giusy Ferreri	1274456	Italy
Giò Di Tonno	2026408	Italy
Giöbia	3310453	Italy
Gli Alluminogeni	765906	Italy
Gli Apostholi	3150647	Italy
Gli Atroci	319488	Italy
Gli Avvoltoi	3405142	Italy
Gli Impossibili	1986328	Italy
Gli Scooters	1754970	Italy
Gloria Christian	922038	Italy
Gloria Dauro	6152772	Italy
Gnags	186531	Denmark
Go!Zilla	650159	Italy
Goblin	98228	Italy
Gobs	11430929	Denmark
Golden Cup	840850	Italy
Golden Jooklo Age	1092830	Italy
Gomma	5493594	Italy
Gorilla Angreb	776433	Denmark
Gorni Kramer	520888	Italy
Gosforth	798690	Italy
Gothica	187904	Italy
Grand Avenue	751352	Denmark
Grandi Animali Marini	2601476	Italy
Grazia Di Michele	1036614	Italy
Graziano Romani	1072524	Italy
Graziella Sciutti	1220779	Italy
Grete Klitgaard	2126791	Denmark
Grimm	1990301	Italy
Gronge	886457	Italy
Gruppo Folk Internazionale	1721207	Italy
Gruppo Italiano	434487	Italy
Gruppo Sound	3194969	Italy
Gruppo di Improvvisazione Nuova Consonanza	146775	Italy
Gry	522462	Denmark
Guano Padano	1864464	Italy
Guido Mazzon	1034116	Italy
Guido Toffoletti	1821816	Italy
Guido Toffoletti's Blues Society	3068499	Italy
Guldimund	9715729	Denmark
Gunnar Lemvigh	3170159	Denmark
Gustav Winckler	692592	Denmark
Haemophagus	1282457	Italy
Halberg-Larsen	684846	Denmark
Halflives	5757587	Italy
Handful of Hate	1094580	Italy
Hannah Bjarnhof	2968613	Denmark
Hanne Boel	63078	Denmark
Hapax	4190896	Italy
Harlem Kiddies	525608	Denmark
Harmonia Ensemble	294500	Italy
Hatesphere	272366	Denmark
Haunted	6539486	Italy
Hautville	2290225	Italy
Havoc	141030	Italy
Heather Parisi	161332	Italy
Heimdall	492026	Italy
Helen	176150	Italy
Helge Jacobsen	312967	Denmark
Helge Nissen	3297005	Denmark
Helge Rungwald	3857298	Denmark
Hellas	6735612	Denmark
Hellsystem	111455	Italy
Helofon Danseorkester	4276216	Denmark
Henning Stærk	539937	Denmark
Henry Skjær	2634073	Denmark
Her Personal Pain	870303	Denmark
Herbert Pagani	765823	Italy
Herman D. Koppel	672029	Denmark
Herman Medrano	2841035	Italy
Hexperos	942440	Italy
Hipnosis	15973	Italy
His Clancyness	1393241	Italy
His Electro Blue Voice	1115045	Italy
Hjalmer	5561068	Denmark
Hjertestop	1315678	Denmark
Hocculta	1631592	Italy
Holger Hansen	3760708	Denmark
Holger Pedersen	3170156	Denmark
Homo Sapiens	1139719	Italy
Horrid	756252	Italy
Horror Vacui	2897253	Italy
Hortus Animae	230175	Italy
Hot Cold	66838	Italy
Housecream	242724	Italy
Hugo	320082	Italy
Hugorm	2515504	Denmark
Huldre	3747127	Denmark
Human Colonies	4927710	Italy
Höstsonaten	1619434	Italy
I Barritas	1692953	Italy
I Beans	1468298	Italy
I Bertas	2075075	Italy
I Bisonti	1612698	Italy
I Califfi	889777	Italy
I Camaleonti	531794	Italy
I Camillas	1756519	Italy
I Campioni	1694032	Italy
I Cani	2195854	Italy
I Cavalieri del Re	1260540	Italy
I Corvi	372880	Italy
I Cugini di Campagna	470098	Italy
I Delfini	1701375	Italy
I Flippers	410347	Italy
I Funamboli	2144890	Italy
I Gatti di Vicolo Miracolo	712040	Italy
I Giganti	1248527	Italy
I Gres	2710162	Italy
I Gufi	1324498	Italy
I Marc 4	17540	Italy
I Meteors	2066622	Italy
I Nuovi Angeli	372881	Italy
I Profeti	382454	Italy
I Ragazzi del Sole	1497413	Italy
I Refuse It!	596995	Italy
I Ribelli	372877	Italy
I Romans	1240697	Italy
I Sagittari	3054440	Italy
I Satelliti	2071850	Italy
I Teppisti dei Sogni	1783737	Italy
I Trilli	633399	Italy
I Trinità	6724782	Italy
I Tubi Lungimiranti	2077815	Italy
I Vianella	1237993	Italy
I am Sonic Rain	5789710	Italy
I'm not a Blondie	6020354	Italy
I-Robots	475430	Italy
Ianva	354278	Italy
Ib Schønberg	2029792	Denmark
Iceage	1599156	Denmark
Icekiid	8046764	Denmark
Ico Cerutti	1497062	Italy
Icy Steel	3194326	Italy
Ida Corr	203906	Denmark
Ida Laurberg	7418168	Denmark
Ifix Tcen Tcen	377887	Italy
Il Balletto di Bronzo	1247423	Italy
Il Buio	3093497	Italy
Il Castello di Atlante	1043965	Italy
Il Cile	2829419	Italy
Il Generale	1194133	Italy
Il Genio	1348046	Italy
Il Giardino dei Semplici	492343	Italy
Il Guardiano del Faro	1010217	Italy
Il Maniscalco Maldestro	3351224	Italy
Il Muro del Canto	2582673	Italy
Il Nuovo Canzoniere Italiano	2629359	Italy
Il Pagante	4135092	Italy
Il Pan Del Diavolo	2485494	Italy
Il Parto delle Nuvole Pesanti	1932389	Italy
Il Rovescio della Medaglia	765763	Italy
Il Segno dello Zodiaco	2239151	Italy
Il Teatro degli Orrori	1032099	Italy
Il Volo	2086557	Italy
Il Volo (2)	1059980	Italy
Illdisposed	256131	Denmark
Immanuel Casto	2547244	Italy
Impact	427568	Italy
Implosion	47637	Italy
Impulse Factory	20266	Italy
In The Panchine	4344706	Italy
In Zaire	1777175	Italy
In-Grid	68079	Italy
Incoming Cerebral Overdrive	1735515	Italy
Indaco	3373752	Italy
Indianizer	6216831	Italy
Indigesti	494827	Italy
Inedia	2363041	Italy
Ines Talamo	1780335	Italy
Infernal	38885	Denmark
Infernal Goat	2140355	Italy
Infernal Torment	309935	Denmark
Infinita Symphonia	3093392	Italy
Inga Kordt	3442955	Denmark
Ingeborg Brams	4852655	Denmark
Ingelise Rune	3852054	Denmark
Inner Shrine	1125472	Italy
Inoki	774750	Italy
Instrumental Quarter	724240	Italy
Inutili	3286863	Italy
Iosonouncane	2324820	Italy
Irene Fornaciari	1330972	Italy
Irene Grandi	184085	Italy
Irha	559096	Italy
Isabella Iannetti	1443497	Italy
Isoul8	26863	Italy
Italia Vaniglio	932477	Italy
Italian Boys	36201	Italy
Italian Harmonists	6125527	Italy
Italo Salizzato	809857	Italy
Iva Zanicchi	949064	Italy
Ivan Cattaneo	360863	Italy
Ivan Della Mea	1031913	Italy
Ivan Graziani	859844	Italy
Ivan Valentini	717585	Italy
Ivana Spagna	573804	Italy
J&S Project	372306	Italy
J-Ax	1475883	Italy
J.K.	43674	Italy
JT Company	4663	Italy
Jago	6702	Italy
Jahbulong	8251165	Italy
Jaka	935280	Italy
Jake La Furia	1216726	Italy
Jalisse	889984	Italy
James Napoli Centrale	10075066	Italy
James Senese	836637	Italy
James Venturi	800505	Italy
Jamil	3035714	Italy
Janvs	1518192	Italy
Japanese Gum	1147748	Italy
Jay Rolandi	540260	Italy
Jeffrey Jey	62992	Italy
Jennifer Gentle	305644	Italy
Jenny B	68402	Italy
Jenny Luna	942209	Italy
Jens Warny Og Hans Orkester	3736684	Denmark
Jerry Calà	2170731	Italy
Jestofunk	7640	Italy
Jimmy Fontana	739929	Italy
Jinny	16250	Italy
Jo Squillo	1241686	Italy
Jock Hattle	41072	Italy
Joe Inferno	25319	Italy
Joe Perrino and the Mellowtones	1400374	Italy
Joe Sentieri	1015994	Italy
Joe T. Vannelli	1504	Italy
Joe Yellow	19777	Italy
John De Leo	1194303	Italy
John Foster	1428231	Italy
John Gucci	2363986	Italy
John Mogensen	689274	Denmark
Johnny Deluxe	494585	Denmark
Johnny Dorelli	281975	Italy
Johnny Madsen	727929	Denmark
Johnny Marsiglia	2649662	Italy
Johnny Reimar	793732	Denmark
Johnny Sax	598281	Italy
Jokeren	489732	Denmark
Jollymusic	27301	Italy
Jomfru Ane Band	762840	Denmark
Jonas Johansen	1267550	Denmark
Jone Cacciagli	3984720	Italy
Jooklo Duo	1047587	Italy
Joseph Capriati	790612	Italy
Jovanotti	22720	Italy
Joy Kitikonti	24946	Italy
JoyCut	2619952	Italy
Juglans Regia	2377676	Italy
Jula De Palma	361419	Italy
Juli & Julie	470095	Italy
Julian DJ & Davide Sonar	109601	Italy
Julie's Haircut	749792	Italy
Jumbo	1321129	Italy
Jung	7203000	Denmark
Junior Cally	6768236	Italy
Junior Jack	4266	Italy
Junior Senior	56316	Denmark
Juniors	924804	Italy
Junkfood	3350653	Italy
Juri Camisasca	574093	Italy
Jørgen Ingmann	692574	Denmark
K-Traxx	43876	Italy
Kaballà	1169241	Italy
Kai Ewans Og Hans Orkester	3786948	Denmark
Kai Ewans' Danseorkester	3738379	Denmark
Kai Julian	5848276	Denmark
Kai Julians Danseorkester	7846056	Denmark
Kai Julians Orkester	2536925	Denmark
Kamasutra	28286	Italy
Kano	32434	Italy
Kaos	874379	Italy
Kaos India	3102035	Italy
Karen Jønsson	1398367	Denmark
Karmamoi	3666049	Italy
Kashmir	217355	Denmark
Kasper Winding	343725	Denmark
Kasso	66842	Italy
Kathy & Gulliver	644664	Italy
Katia Ricciarelli	850899	Italy
Katinka	4869766	Denmark
Katyna Ranieri	283105	Italy
Kellermensch	1923647	Denmark
Ken Laszlo	19761	Italy
Kenneth Knudsen	315703	Denmark
Kesi	2644206	Denmark
Ketama126	4992352	Italy
Khymera	1402200	Italy
Kid Crème	21137	Italy
Kill Your Boyfriend	4078840	Italy
Killer Boogie	4213259	Italy
Kim Larsen	169958	Denmark
Kim Larsen & Bellami	924384	Denmark
Kim Larsen & Kjukken	709639	Denmark
Kim Larsen And Jungledreams	1060594	Denmark
Kina	807471	Italy
King Diamond	252162	Denmark
Kintsugi	4738325	Italy
Kirlian Camera	15583	Italy
Kjeld Bonfils	752898	Denmark
Kjeld Nørregaard	3792345	Denmark
Klasse Kriminale	246115	Italy
Klaus Schønning	359803	Denmark
Klein & MBO	15977	Italy
Kliche	484007	Denmark
Klimt 1918	339423	Italy
Knobs	1524836	Italy
Knud Heglund	3170157	Denmark
Konkhra	278379	Denmark
Kontatto	674487	Italy
Konvent	6498264	Denmark
Koto	10429	Italy
Krisma	127686	Italy
Kristine Blond	76720	Denmark
KuTso	4232036	Italy
Kunsertu	1830767	Italy
Kwanzaa Posse	23286	Italy
Kōya	14431223	Denmark
L'Amico di Martucci	1408646	Italy
L'Invasione Degli Omini Verdi	830664	Italy
L'Officina della Camomilla	3777562	Italy
L'Orchestra di Piazza Vittorio	2781135	Italy
L.O.C.	489717	Denmark
LLNN	4199789	Denmark
LTJ X-Perience	10499	Italy
La Batteria	2264230	Italy
La Bionda	120913	Italy
La Bottega dell'Arte	1120631	Italy
La Ciapa Rusa	909370	Italy
La Coscienza di Zeno	3383498	Italy
La Crus	22922	Italy
La Famiglia	657376	Italy
La Lionetta	3561453	Italy
La Macina	2874973	Italy
La Maschera di Cera	839582	Italy
La Maxima 79	3772135	Italy
La Pina	237323	Italy
La Piramide Di Sangue	2829756	Italy
La Quarta Via	7204079	Italy
La Quiete	572625	Italy
La Quinta Faccia	1754310	Italy
La Ragazza Del Clan	1897494	Italy
La Rappresentante di Lista	4922087	Italy
La Risonanza	3421095	Italy
La Sintesi	1888659	Italy
La Strana Società	1243696	Italy
Laban	88747	Denmark
Labyrinth	306436	Italy
Lacuna Coil	215670	Italy
Ladri di Biciclette	679569	Italy
Lady Violet	91242	Italy
Laid Back	8729	Denmark
Lalli	199255	Italy
Lame	4066643	Italy
Lamin	12736460	Denmark
Lando Fiorini	1213893	Italy
Lantern	3733367	Italy
Lara Saint Paul	330161	Italy
Larabell	89431	Italy
Lars Hug	561541	Denmark
Lars Lilholt	649116	Denmark
Lars Lilholt Band	568458	Denmark
Lars Muhl	612644	Denmark
Last Minute to Jaffna	1282456	Italy
Last Rhythm	29848	Italy
Latte e Miele	1092322	Italy
Laura Betti	1031919	Italy
Laura Bono	790677	Italy
Laura Luca	1139717	Italy
Laura Pausini	80894	Italy
Lazza	737986	Italy
Le Amiche	1974101	Italy
Le Braghe Corte	2687874	Italy
Le Figlie Del Vento	2053738	Italy
Le Mele Verdi	1286548	Italy
Le Orme	359000	Italy
Le Piccole Ore	1802076	Italy
Le Vibrazioni	941714	Italy
Le Voci Blu	2432587	Italy
Le luci della centrale elettrica	1146166	Italy
Lea Massari	1021471	Italy
Leandro Barsotti	490244	Italy
Leano Morelli	1432200	Italy
Lee Marrow	14490	Italy
Lego Edit	6111932	Italy
Lelio Luttazzi	306935	Italy
Lello B	83646	Italy
Lena Biolcati	503122	Italy
Lento	991080	Italy
Leo Anibaldi	22377	Italy
Leo Gassmann	6863606	Italy
Leo Martera	1461793	Italy
Leo Mathisens Band	2872300	Denmark
Leo Mathisens Orkester	2563091	Denmark
Leonardo Marino	2072544	Italy
Leone Di Lernia	1101377	Italy
Lerio Corrado	1175111	Italy
Les Anarchistes	1589670	Italy
Levante	1726552	Italy
Lex & Klatten	885955	Denmark
Lidia Martorana	927824	Italy
Ligabue	900001	Italy
Lily Broberg	2127584	Denmark
Lina Bruna Rasa	2477530	Italy
Lina Sastri	496148	Italy
Lina Termini	1051430	Italy
Linda Di Franco	321347	Italy
Linda Valori	2147743	Italy
Linea 77	309369	Italy
Lino Capra Vaccina	1136857	Italy
Lino Toffolo	1660760	Italy
Linuz	1471120	Italy
Lionville	2693609	Italy
Lis Sørensen	250436	Denmark
Lisa	1549440	Italy
Litfiba	618504	Italy
Little Jam	16228	Denmark
Little Tony	217518	Italy
Liva Weel	2406153	Denmark
Livin' Joy	10997	Italy
Livløs	5514818	Denmark
Lo Stato Sociale	2414567	Italy
Lo Zoo di Berlino	4360590	Italy
Locanda delle Fate	1158138	Italy
Lollipop	351098	Italy
Loose Sutures	7872901	Italy
Lord Bean	1259775	Italy
Loredana Bertè	366682	Italy
Lorella Cuccarini	593647	Italy
Lorenzo Campani	1410837	Italy
Lorenzo Gasperoni Mamud Band	3251292	Italy
Lorenzo Senni	1391496	Italy
Loretta Goggi	310137	Italy
Lory D	216177	Italy
Los Fastidios	314657	Italy
Los Locos	47126	Italy
Los Marcellos Ferial	1325471	Italy
Los Retardos	596307	Denmark
Lost Kids	444513	Denmark
Lou Dalfin	1223650	Italy
Lou X	282663	Italy
Louis Preils Danseorkester	3788908	Denmark
Love Shop	468883	Denmark
Lovesick Duo	8189840	Italy
Low Kidd	4206316	Italy
Lower	2606039	Denmark
Lowlow	5635280	Italy
Loy & Altomare	2061389	Italy
Lu Colombo	723315	Italy
Luca Antolini	69422	Italy
Luca Bacchetti	178828	Italy
Luca Barbarossa	376570	Italy
Luca Carboni	371806	Italy
Luca Turilli's Rhapsody	2807998	Italy
Luchè	2650965	Italy
Lucia Mannucci	2618234	Italy
Luciana Gonzales	2026265	Italy
Luciano Angeleri	592635	Italy
Luciano Basso	1373177	Italy
Luciano Benevene	1797935	Italy
Luciano Berio	76028	Italy
Luciano Cilio	659967	Italy
Luciano Pavarotti	55683	Italy
Luciano Rossi	1108657	Italy
Luciano Sangiorgi	925721	Italy
Luciano Simoncini	1546415	Italy
Luciano Tajoli	917491	Italy
Luciano Virgili	1051256	Italy
Luciano Zuccheri	520886	Italy
Lucio Battisti	250902	Italy
Lucio Corsi	4332218	Italy
Lucio Dalla	207470	Italy
Lucretio	932010	Italy
Ludovico Einaudi	369643	Italy
Ludvig Brandstrup	954899	Denmark
Luigi Grechi	2085508	Italy
Luigi Madonna	1215774	Italy
Luigi Nono	219565	Italy
Luigi Tenco	319974	Italy
Luis Radio	137860	Italy
Lukas Graham	2791034	Denmark
Lulu Rouge	740448	Denmark
Lulu Ziegler	3094897	Denmark
Lunapop	250536	Italy
Lupi Gladius	192006	Italy
Lurking Terror	5341712	Italy
M'Bamina	441956	Italy
MBG	52875	Italy
MC Einar	489720	Denmark
ML Buch	5600702	Denmark
Mabel	82381	Italy
Mabra	274929	Italy
Macbeth	262801	Italy
Mace	1723244	Italy
Maceration	2800299	Denmark
Macho	42360	Italy
Mad Bob	154749	Italy
Mad Crayon	1619449	Italy
MadMan	2668959	Italy
Madame	7512727	Italy
Madreblu	361368	Italy
Madrigali Magri	1450195	Italy
Mads Langer	1032769	Denmark
Madteo	869854	Italy
Magtens Korridorer	667866	Denmark
Mahmood	4880094	Italy
Maldestro	5563898	Italy
Maleficarum	2212983	Italy
Malfeitor	374656	Italy
Malika Ayane	1901200	Italy
Malk De Kojin	287559	Denmark
Malurt	250432	Denmark
Mambassa	2006187	Italy
MamboLosco	6353828	Italy
Mamukata	134745	Italy
Mamuthones	1365029	Italy
Management	4004489	Italy
Mandragora Scream	483938	Italy
Mango	593166	Italy
Manuel De La Mare	801900	Italy
Manuel ES	102229	Italy
Manuel Zurria	961284	Italy
Marascia	28880	Italy
Marcella Bella	503123	Italy
Marcello Giombini	451878	Italy
Marcello Giordani	507282	Italy
Marcello Melis	319050	Italy
Marcello Minerbi	17544	Italy
Marco Bardoscia	892248	Italy
Marco Brugattu	1357146	Italy
Marco Carena	1373008	Italy
Marco Carola	1944	Italy
Marco Carta	1222549	Italy
Marco Castello	8046498	Italy
Marco Dalpane	1673266	Italy
Marco Di Marco	230788	Italy
Marco Ferradini	274632	Italy
Marco Maniera	1154942	Italy
Marco Masini	268725	Italy
Marco Mengoni	2646444	Italy
Marco Ongaro	665073	Italy
Marco Parente	1247151	Italy
Marco Passarani	18623	Italy
Marco Shuttle	613746	Italy
Margherita Vicario	5914482	Italy
Marguerite Viby	2406152	Denmark
Maria Antonietta	2679122	Italy
Maria Carta	1379898	Italy
Maria Doris	2066489	Italy
Maria Finocchiaro	2445471	Italy
Maria Jottini	1028578	Italy
Maria Monti	2176041	Italy
Maria Paris	1454753	Italy
Maria Violenza	3349590	Italy
Marie Key	899263	Denmark
Mariella Nava	665030	Italy
Marina Pagano	2672219	Italy
Marina Rei	608605	Italy
Marino Marini	501981	Italy
Mario Acquaviva	1898086	Italy
Mario Basiola	1938409	Italy
Mario Biondi	244654	Italy
Mario Castelnuovo	887079	Italy
Mario Gangi	713023	Italy
Mario Latilla	919438	Italy
Mario Lavezzi	297664	Italy
Mario Merola	2518803	Italy
Mario Migliardi	12199	Italy
Mario Molino	309900	Italy
Mario Nascimbene	361418	Italy
Mario Pasqualillo	1455893	Italy
Mario Pezzotta	722885	Italy
Mario Piovano	1950035	Italy
Mario Più	455482	Italy
Mario Rosini	460610	Italy
Mario Tessuto	924474	Italy
Mario Trevi	1632881	Italy
Mario Venuti	270463	Italy
Mario del Monaco	696193	Italy
Mario e Sal Da Vinci	4229755	Italy
Mariposa	1080057	Italy
Marisa Colomber	1385149	Italy
Marisa Del Frate	932480	Italy
Marisa Fiordaliso	1119091	Italy
Marisa Rampin	2536259	Italy
Marisa Sannia	1341032	Italy
Marisa Terzi	982800	Italy
Marius Jacobsen	3223211	Denmark
Markantonio	32845	Italy
Marlene Kuntz	730915	Italy
Marnero	1552147	Italy
Marracash	1210072	Italy
Mars Bill	1607366	Italy
Marshall	7954	Italy
Marta sui tubi	1932817	Italy
Marvelous Mosell	3320772	Denmark
Marvin & Guy	3879510	Italy
Marya	292037	Italy
Marzio Dance	112933	Italy
Massimo Bubola	392118	Italy
Massimo Di Cataldo	473693	Italy
Massimo Mariani	584990	Italy
Massimo Pericolo	7082111	Italy
Massimo Priviero	1036620	Italy
Massimo Ranieri	319960	Italy
Massimo Silverio	7890233	Italy
Massimo Volume	720217	Italy
Massimo Zamboni	384102	Italy
Mastercastle	3356160	Italy
Matia Bazar	136886	Italy
Mato Grosso	42821	Italy
Matrioska	1326621	Italy
Matteo Brancaleoni	2509038	Italy
Matteo Trevisan	5515879	Italy
Mattia Battistini	1428153	Italy
Mattia Trani	2656563	Italy
Mau Mau	583133	Italy
Maurizio Abate	708944	Italy
Maurizio Arcieri	250046	Italy
Maurizio Braccagni	23406	Italy
Maurizio Carpi	3179893	Italy
Maurizio Fabrizio	274694	Italy
Maurizio Vandelli	765674	Italy
Mauro Caputo	2231980	Italy
Mauro Ermanno Giovanardi	1547793	Italy
Mauro Lusini	966569	Italy
Mauro Pagani	302019	Italy
Mauro Picotto	5775	Italy
Mauro Pilato	222658	Italy
Max Coveri	105033	Italy
Max De Bernardi	3796561	Italy
Max E-Crew	37335	Italy
Max Gazzè	1596044	Italy
Max Pezzali	630296	Italy
Max-Him	19802	Italy
Maxophone	1209001	Italy
Maze of Sothoth	3615925	Italy
Me & My	33894	Denmark
Meccano	232595	Italy
Mecna	2565437	Italy
Medina	1544699	Denmark
Meduza	7012514	Italy
Meg	359859	Italy
Meganoidi	580556	Italy
Melencolia Estatica	1036625	Italy
Mellow Mood	3124256	Italy
Melody Fall	2071530	Italy
Meme Bianchi	936712	Italy
Memo Remigi	1212701	Italy
Mental Generation	40110	Denmark
Meo	604415	Italy
Mephisto	22367	Italy
Mercanti di Liquore	2775079	Italy
Mercyful Fate	251799	Denmark
Messa	5079146	Italy
Metamorfosi	1214432	Italy
Mew	262995	Denmark
Mezzosangue	3555555	Italy
Mia Martini	556869	Italy
Michael Exodus	3279829	Italy
Michael Falch	426630	Denmark
Michael Hardinger	715957	Denmark
Michael Learns To Rock	333403	Denmark
Michele	1020545	Italy
Michele Pecora	851813	Italy
Michele Zarrillo	691788	Italy
Microspasmi	2159982	Italy
Midnight Conversation	6416308	Italy
Mietta	299780	Italy
Mikael Simpson	247991	Denmark
Mike Francis	36231	Italy
Miko Mission	19770	Italy
Milk & Coffee	492341	Italy
Milky	53778	Italy
Milly	1193603	Italy
Milva	299967	Italy
Mimmo Cavallo	1186994	Italy
Mimmo Locasciulli	1194864	Italy
Mimmo Mix	44647	Italy
Min & Mal	2013729	Italy
Mina	319972	Italy
Mind Against	2169341	Italy
Minimono	284473	Italy
Ministri	1266421	Italy
Mino Reitano	461384	Italy
Miranda Martino	319970	Italy
Mirna Doris	1373475	Italy
Miss Groovy	20271	Italy
Miss Jones	19667	Italy
Mistaman	1322387	Italy
Mita Medici	1741291	Italy
Mo-Do	33766	Italy
Moana Pozzi	1335058	Italy
Moda	697021	Italy
Modena City Ramblers	1123004	Italy
Modern Sound Quartet	1579409	Italy
Modo Antiquo	956471	Italy
Modula	3854444	Italy
Modà	1974635	Italy
Mogens Wieth	1660268	Denmark
Moka DJ	23421	Italy
Mokadelic	1094475	Italy
Molella	36544	Italy
Moltheni	1644334	Italy
Mondo Candido	164821	Italy
Mondo Marcio	726436	Italy
Mongoose	163800	Italy
Monica Sandri	1634682	Italy
Monrad & Rislund	692587	Denmark
Montefiori Cocktail	3751	Italy
Monumentum	184288	Italy
Moony	30336	Italy
Moral	510823	Denmark
Moratto	79352	Italy
Moravagine	3287503	Italy
Morbus Grave	4926876	Italy
More	95684	Italy
Morgan	161835	Italy
Moriar	763124	Italy
Morkobot	1014918	Italy
Mortuary Drape	259820	Italy
Moses	2693970	Denmark
Motel Connection	184562	Italy
Motta	2016219	Italy
Movie Star Junkies	1297074	Italy
Mr. Rain	4742806	Italy
Mr. T-Bone	1480710	Italy
Mudimbi	2230070	Italy
Mund De Carlo	1592447	Denmark
Murple	1565257	Italy
Murubutu	3044327	Italy
Museo Rosenbach	1210730	Italy
Mushroom's Patience	39353	Italy
Mushy	420686	Italy
Musica Nuda	1148541	Italy
Musicanova	2078946	Italy
My Awesome Mixtape	1660905	Italy
My Cat is an Alien	255665	Italy
My Mine	47010	Italy
Myrkur	4001024	Denmark
Myss Keta	4026520	Italy
Mystic Jungle	4416652	Italy
Mythic Sunship	3156119	Denmark
MØ	1883733	Denmark
Måneskin	6184259	Italy
Møl	4239619	Denmark
N.A.D.M.A.	599873	Italy
N.O.I.A.	19797	Italy
NDKj	488185	Italy
NH3	2808127	Italy
Nabat	594619	Italy
Nada	808776	Italy
Nagasaki Nightmare	1875952	Italy
Nancy Cuomo	2233765	Italy
Nanna	650998	Denmark
Nanni Svampa	2097630	Italy
Nanowar of Steel	2451650	Italy
Napoli Centrale	1333580	Italy
Narciso Parigi	1122676	Italy
Natalino Otto	281968	Italy
Natasja	132551	Denmark
Nayt	3778625	Italy
Necrodeath	612709	Italy
Necromessiah	1647213	Italy
Neel	1822027	Italy
Nefarium	2501788	Italy
Neffa	140798	Italy
Negazione	327504	Italy
Negramaro	943055	Italy
Negrita	349217	Italy
Neil on Impression	597711	Italy
Neja	10746	Italy
Nek	168621	Italy
Nekromantix	304789	Denmark
Nella Colombo	455011	Italy
Nelly Fioramonti	1341033	Italy
Nenia	280851	Italy
Neo	1647125	Italy
Neokarma Jooklo Trio	938976	Italy
Neon	126890	Italy
Nephew	258050	Denmark
Neri per caso	916926	Italy
Nerio's Dubwork	10702	Italy
Ness	1102057	Italy
Netzwerk	34154	Italy
New Dada	974292	Italy
New Trolls	560713	Italy
News	250400	Denmark
Nibiru	3736872	Italy
Niccolò Fabi	329588	Italy
Nicholas	1780113	Italy
Nico Fidenco	248628	Italy
Nico dei Gabbiani	1471775	Italy
Nico e Tetta	104621	Italy
Nico e i Gabbiani	1023518	Italy
Nicola Arigliano	1345469	Italy
Nicola Conte	3753	Italy
Nicola Di Bari	851817	Italy
Nicola Fasano	202428	Italy
Niels Hansen	4097775	Denmark
Niels Hausgaard	727933	Denmark
Niels-Henning Ørsted Pedersen	285231	Denmark
Night Fever	1694974	Denmark
Night Gaunt	4414156	Italy
Night Skinny	2621158	Italy
Nihil Young	1300659	Italy
Nik & Jay	387851	Denmark
Nilla Pizzi	917468	Italy
Nilo Ossani	1051257	Italy
Nina & Frederik	640070	Denmark
Nina Zilli	1766357	Italy
Nino Buonocore	371808	Italy
Nino D'Angelo	36217	Italy
Nino D'Aurelio	4517835	Italy
Nino Impallomeni	1156815	Italy
Nino Nipote	3650578	Italy
Nino Taranto	1276038	Italy
Nitro	3769651	Italy
No Hope For The Kids	1232370	Denmark
No Strange	749860	Italy
No White Rag	1701126	Italy
Nodo Gordiano	1080051	Italy
Noemi	3185332	Italy
Noha	3889690	Italy
Noir	148640	Denmark
Noisedelik	2940442	Italy
Noize Suppressor	20650	Italy
Nomadi	643509	Italy
Non Voglio Che Clara	487468	Italy
North East Ska Jazz Orchestra	5687652	Italy
Nortt	264031	Denmark
Nosound	749912	Italy
Not Moving	311073	Italy
Nova	1495064	Italy
Novalia	482632	Italy
Novanta	3679138	Italy
Novecento	33624	Italy
Novembre	265585	Italy
Noyz Narcos	2192798	Italy
Nu Guinea	4007020	Italy
Nu NRG	181461	Italy
Nuccia Bongiovanni	2452592	Italy
Nude	451908	Italy
Nuel	458073	Italy
Numa Crew	1277540	Italy
Nunzio Gallo	917503	Italy
Nuova Compagnia di Canto Popolare	493551	Italy
Nuova Idea	593634	Italy
Nuovi Briganti	1685706	Italy
Nuvolablu	1163363	Italy
Obtane	702338	Italy
Odeeno	4202904	Italy
Odoardo Spadaro	1030483	Italy
Odyssea	581447	Italy
Officine Schwartz	269676	Italy
Offlaga Disco Pax	1330230	Italy
Oh Land	1707752	Denmark
Oliver Onions	180953	Italy
Ombretta Colli	1066423	Italy
One Dimensional Man	503109	Italy
One Fine Day	441757	Italy
One Two	250441	Denmark
Open Spaces	33896	Italy
Opera IX	259897	Italy
Opiate	401	Denmark
Opus Avantra	1116199	Italy
Orchestra Casadei	1671978	Italy
Orietta Berti	920359	Italy
Ornaments	220998	Italy
Ornella Vanoni	361057	Italy
Osanna	836392	Italy
Oscar Carboni	1051236	Italy
Oscar Prudente	277024	Italy
Oscar Rocchi	1044517	Italy
Oscar Stribolt	4097821	Denmark
Ossi Duri	1333552	Italy
Osvald Helmuth	1339617	Denmark
Otierre	280244	Italy
Otto Brandenburg	539935	Denmark
Otto Lington	1912200	Denmark
Otto Lington Og Hans Lingtonians	3736781	Denmark
Otto Lington Og Hans Orkester	3786935	Denmark
Otto Ohm	521287	Italy
Outlandish	220035	Denmark
Ove Sprogøe	2088309	Denmark
Oöphoi	162295	Italy
P. Lion	36197	Italy
P4F	19788	Italy
PAY	2019964	Italy
PGR	1438862	Italy
Pale TV	817158	Italy
Palle Mikkelborg	237981	Denmark
Pamela Prati	1854177	Italy
Pan	186119	Denmark
Pancratio	9505165	Italy
Panda	1157671	Italy
Pandemonium	1080270	Italy
Pankow	21893	Italy
Panoram	2614526	Italy
Paola & Chiara	171049	Italy
Paola Turci	1014217	Italy
Paolino Paperino Band	937511	Italy
Paolo Achenza Trio	16869	Italy
Paolo Angeli	516009	Italy
Paolo Baldini	5696339	Italy
Paolo Belli	490252	Italy
Paolo Benvegnù	1016985	Italy
Paolo Birro	1861683	Italy
Paolo Bonfanti	2153789	Italy
Paolo Conte	273695	Italy
Paolo Ferrara	706960	Italy
Paolo Frescura	1106271	Italy
Paolo Fresu	332804	Italy
Paolo Fresu Quintet	1663033	Italy
Paolo Giorgi	3352894	Italy
Paolo Martini	58807	Italy
Paolo Mengoli	597823	Italy
Paolo Modugno	218103	Italy
Paolo Pietrangeli	1031914	Italy
Paolo Renosto	1633348	Italy
Paolo Rossi	1131684	Italy
Paolo Rustichelli	923498	Italy
Paolo Sardisco	3521922	Italy
Paolo Tofani	490217	Italy
Paolo Tomelleri	1146641	Italy
Paolo Vallesi	470096	Italy
Paolo Visnadi	525185	Italy
Papa Bue's Viking Jazz Band	271486	Denmark
Papa Ricky	1038379	Italy
Papir	2055186	Denmark
Paps N Skar	41801	Italy
Parbleu	8050006	Italy
Pasquale Amato	1784776	Italy
Passengers	87128	Italy
Pastaboys	34064	Italy
Pathosray	1443493	Italy
Patrick Samson	281974	Italy
Patrizia Laquidara	1561718	Italy
Patrizia Pellegrino	1458687	Italy
Patrizio Fariselli	617324	Italy
Patrizio Sandrelli	1334714	Italy
Patty Pravo	339934	Italy
Paul Cart	1329432	Italy
Paul Chain	768630	Italy
Peawees	452718	Italy
Peggio Punx	427570	Italy
Pellegrino	3360805	Italy
Pepe Maina	1554983	Italy
Peppe Barra	130112	Italy
Peppino Brio	3931312	Italy
Peppino Gagliardi	1020394	Italy
Peppino di Capri	492344	Italy
Perigeo	315550	Italy
Pernille Rosendahl	56489	Denmark
Persiana Jones	1266412	Italy
Perturbazione	660715	Italy
Peter Jacques Band	98684	Italy
Peter Punk	1987312	Italy
Peter Sellers and the Hollywood Party	1625098	Italy
Peter Sommer	273097	Denmark
Peter Sørensen	1481371	Denmark
Phlake	4424071	Denmark
Pia Tassinari	1640341	Italy
Picchio dal Pozzo	282971	Italy
Pierangelo Bertoli	1044351	Italy
Piergiorgio Farina	2036156	Italy
Piero Ciampi	749369	Italy
Piero Fidelfatti	52456	Italy
Piero Focaccia	1061012	Italy
Piero Marras	691614	Italy
Piero Mazzocchetti	473892	Italy
Piero Pelù	662395	Italy
Piero Umiliani	8722	Italy
Piero Zeta	75701	Italy
Piero e i Cottonfields	1650989	Italy
Pierrot Lunaire	685311	Italy
Pin-Occhio	73930	Italy
Ping Pong	2082038	Italy
Pinguini Tattici Nucleari	5297163	Italy
Pink Project	50568	Italy
Pino Calvi	769839	Italy
Pino D'Angiò	471789	Italy
Pino Daniele	152754	Italy
Pino Donaggio	299238	Italy
Pino Masi	1109567	Italy
Pino Mauro	2131270	Italy
Pino Presti	623714	Italy
Pino Scotto	1315272	Italy
Piotta	650627	Italy
Pippo Barzizza	1125595	Italy
Pippo Franco	380874	Italy
Piqued Jacks	5358195	Italy
Pitura Freska	890021	Italy
Placid K	20657	Italy
Planet Funk	5618	Italy
Playahitty	14676	Italy
Pooglia Tribe	1904720	Italy
Pooh	380875	Italy
Porno Riviste	1991371	Italy
Port-Royal	288072	Italy
Poul Krebs	568464	Denmark
Poul Reichhardt	1285803	Denmark
Povia	349221	Italy
Povl Dissing	316077	Denmark
Povl Dissing & Benny Andersen	1703828	Denmark
Powersolo	464765	Denmark
Praxinoscope	566349	Italy
Premiata Forneria Marconi	281856	Italy
Pretty Maids	277227	Denmark
Profezia	427751	Italy
Profusion	3318978	Italy
Progenie Terrestre Pura	2582160	Italy
Pronto	3519131	Denmark
Prozac+	371761	Italy
Psicologi	7445846	Italy
Psyched Up Janis	257293	Denmark
Psychofagist	768175	Italy
Puccio Roelens	261016	Italy
Puddu Varano	40716	Denmark
Pufuleti	7192087	Italy
Punkreas	262220	Italy
Pupo	345918	Italy
Putrid Fever	815399	Italy
Putridity	2239257	Italy
På Slaget 12	689272	Denmark
Quartetto Cetra	905358	Italy
Quartetto Radar	1419370	Italy
Quartetto Stars	4077708	Italy
Quartiere Coffee	3533750	Italy
Quella Vecchia Locanda	1214437	Italy
Quelli	1765450	Italy
Quintetto Del Delirio	1831300	Italy
Quintetto Principe	1461308	Italy
Quintorigo	2171316	Italy
R.E.Light Orchestra	230621	Italy
Raccomandata Ricevuta di Ritorno	1214433	Italy
Radar	1182744	Italy
Radical Stuff	239725	Italy
Radici nel Cemento	2115204	Italy
Radio Boys	917472	Italy
Radiodervish	235536	Italy
Radiorama	73973	Italy
Raein	1088273	Italy
Raf	246232	Italy
Raffaele Rizzi	1645638	Italy
Raffaella Carrà	302018	Italy
Raffaello Pareti	2329579	Italy
Raiders of the Lost ARP	27384	Italy
Raikinas	5496277	Italy
Rainbow Team	162102	Italy
Raintime	884739	Italy
Ralph Mirto	1757345	Italy
Ramirez	4134	Italy
Rancore	2851823	Italy
Randy	13358	Italy
RanestRane	2972392	Italy
Raoul Romito	3534288	Italy
Raphael Gualazzi	1502253	Italy
Rappresaglia	1194129	Italy
Raquel Rastenni	1215329	Denmark
Rasmus Nøhr	396235	Denmark
Rasmus Seebach	1012519	Denmark
Rasmus Walter	3372262	Denmark
Rats	270980	Italy
Raw Power	289214	Italy
Ray Daytona & Googoobombos	1781869	Italy
Ray Dee Ohh	602426	Denmark
Reale Accademia di Musica	765679	Italy
Reazione	968620	Italy
Red Canzian	208348	Italy
Red Light Skyscraper	5309627	Italy
Red Warszawa	906023	Denmark
RedSka	1610440	Italy
Reeds	86853	Italy
Remigio Ducros	309902	Italy
Remo Germani	1737472	Italy
Renata Scotto	851419	Italy
Renato Carosone	642612	Italy
Renato Figoli	264983	Italy
Renato Rascel	683182	Italy
Renato Sellani	543844	Italy
Renato Zero	445608	Italy
Renzo Arbore	175008	Italy
Renzo Rubino	3307866	Italy
Renzo Zenobi	1290056	Italy
Renè	3905012	Italy
Requiem	1436748	Italy
Resistenza	1956611	Italy
Rev Rev Rev	3355838	Italy
Rhapsody of Fire	624972	Italy
Rhythm of Paradise	5056993	Italy
Riccardo	3818594	Italy
Riccardo Cioni	164994	Italy
Riccardo Cocciante	399868	Italy
Riccardo Del Turco	826240	Italy
Riccardo Fogli	311510	Italy
Riccardo Maffoni	2570413	Italy
Riccardo Marasco	2953999	Italy
Riccardo Rocchi	18145	Italy
Riccardo Sinigaglia	149647	Italy
Riccardo Sinigallia	379964	Italy
Riccardo Stracciani	1166555	Italy
Riccardo Tesi	1668493	Italy
Riccardo Tesi & Banditaliana	2874979	Italy
Riccardo Zappa	1611980	Italy
Ricchi e Poveri	310136	Italy
Ricky Gianco	701162	Italy
Ricky Le Roy	6198	Italy
Ridillo	239840	Italy
Righeira	66837	Italy
Rimozionekoatta	2642385	Italy
Rino Cerrone	1790	Italy
Rino De Filippi	268952	Italy
Rino Gaetano	250149	Italy
Rino Gionchetta	2537154	Italy
Rino Salviati	917474	Italy
Rio Padice	1069519	Italy
Rise Above Dead	1984759	Italy
Risen from the Rank	7659	Italy
Riserva Moac	1766746	Italy
Rita Bertolini	1895387	Italy
Rita Marcotulli	1283662	Italy
Rita Pavone	380929	Italy
Ritmo Tribale	361406	Italy
Riva Starr	798677	Italy
Rkomi	5641710	Italy
Robert Miles	7292	Italy
Robert Storm Petersen	3874781	Denmark
Robertino	821003	Italy
Roberto Aglieri	2987470	Italy
Roberto Angelini	729842	Italy
Roberto Benigni	523697	Italy
Roberto Cacciapaglia	214572	Italy
Roberto Capuano	948339	Italy
Roberto Ciotti	679595	Italy
Roberto Colombo	217255	Italy
Roberto De Simone	906798	Italy
Roberto Gatto	341452	Italy
Roberto Giuliani	667463	Italy
Roberto Lodola	176514	Italy
Roberto Masi	170417	Italy
Roberto Murolo	917490	Italy
Roberto Musci	180280	Italy
Roberto Pregadio	285619	Italy
Roberto Soffici	920358	Italy
Roberto Vecchioni	350834	Italy
Roby Facchinetti	678293	Italy
Roby Rossini	225926	Italy
Rocazino	577753	Denmark
Rocco Hunt	3123859	Italy
Rockers By Choice	489715	Denmark
Rodolfo De Angelis	1230048	Italy
Roland Brant	42852	Italy
Rollo & King	669861	Denmark
Roma Amor	1115365	Italy
Romana Righetti	1870671	Italy
Romano Mussolini	9764	Italy
Romeo Livieri	1885480	Italy
Romina Power	260293	Italy
Romolo Grano	841458	Italy
Ron	1258970	Italy
Rondò Veneziano	58770	Italy
Ronin	681186	Italy
Room with a View	412840	Italy
Rosa Balistreri	1031926	Italy
Rosa Chemical	7812009	Italy
Rosanna Fratello	1118695	Italy
Rosario Bonaccorso	901455	Italy
Rose	98608	Italy
Rosolina Mar	1328515	Italy
Rossana Beccari	2816827	Italy
Rossana Casale	228254	Italy
Rossano	626035	Italy
Rosy	1024262	Italy
Rot Away	9829798	Denmark
Royal Hunt	373253	Denmark
Rudy Rickson	1283853	Italy
Rudy Rotta	1708649	Italy
Rufus Party	2599469	Italy
Ruggero Cori	607729	Italy
Rugsted Kreutzfeldt	762785	Denmark
Runaway Totem	1433022	Italy
Ryan Paris	49963	Italy
Røde Mor	758950	Denmark
S-Tone Inc.	3941	Italy
S.A.M.	3088584	Denmark
SENNA	5632671	Italy
Sabino Rotunno	6077618	Italy
Sabrina Salerno	19762	Italy
Sacri Cuori	1954760	Italy
Sadist	263811	Italy
Safri Duo	4015	Denmark
Saint Just	1544055	Italy
Sal Da Vinci	2726494	Italy
Salis	3465628	Italy
Salmo	2537786	Italy
Salvatore Baccaloni	1545414	Italy
Salvatore Idà	1475814	Italy
Sammy Barbot	206096	Italy
Samuele Bersani	364768	Italy
Sandro Brugnolini	330168	Italy
Sandro Giacobbe	380864	Italy
Sandro Mussida	4045846	Italy
Sangue Misto	1239155	Italy
Sanne Salomonsen	232045	Denmark
Santandrea	2152944	Italy
Santarosa	588229	Italy
Santino Rocchetti	1756597	Italy
Santo California	172760	Italy
Santo Niente	965695	Italy
Saro Liotta	2402050	Italy
Satanismo Calibro 9	1251565	Italy
Saturnino	123845	Italy
Saturnus	468181	Denmark
Savage	15529	Italy
Savana Funk	7003733	Italy
Saybia	257976	Denmark
Scala Teatrets Orkester	3736779	Denmark
Scarlet Pleasure	3706714	Denmark
Schizo	268618	Italy
Schola Cantorum	1472968	Italy
Sciacalli	2280053	Italy
Scialpi	490245	Italy
Scisma	361409	Italy
Scotch	19774	Italy
Sebastian	250428	Denmark
Secret Oyster	707382	Denmark
Secret Sphere	517019	Italy
Seismal D	1186952	Italy
Selection	111512	Italy
Selvans	4280519	Italy
Semiramis	1228989	Italy
Sensations' Fix	1091356	Italy
Senzabenza	1748700	Italy
Septycal Gorge	870316	Italy
Sergio Bruni	929969	Italy
Sergio Cammariere	1350545	Italy
Sergio Caputo	1160014	Italy
Sergio Centi	919183	Italy
Sergio Endrigo	319968	Italy
Sergio Leonardi	1108656	Italy
Sergio Lulli	920055	Italy
Sergio Mauri	2161443	Italy
Sergio Montori	309897	Italy
Severance	3217441	Italy
Sfera Ebbasta	4655440	Italy
Shablo	1216736	Italy
Shandon	729414	Italy
Shield	51360	Italy
Shit & Chanel	1069076	Denmark
Shiva	6945851	Italy
Shizune	3093496	Italy
Shu-bi-dua	250431	Denmark
Sick Luke	4788112	Italy
Sick Rose	638214	Italy
Sickhead	3870160	Italy
Silvana Fioresi	1051395	Italy
Silvano Lalli	1662893	Italy
Silvio Pozzoli	253528	Italy
Simona Molinari	2462817	Italy
Simone Burrini	598017	Italy
Simone Cristicchi	1021364	Italy
Simone Tavazzi	1043576	Italy
Simone Vitullo	184379	Italy
Sinezamia	1045341	Italy
Sinoath	1693203	Italy
Sinus	33376	Italy
Sir Henry and his Butlers	605570	Denmark
Sista Maria	3283328	Italy
Sivas	1622094	Denmark
Six Minute War Madness	503111	Italy
Ska-J	2021205	Italy
Skagarack	568481	Denmark
Skanners	2098991	Italy
Skarabazoo	5235955	Italy
Skeletoon	6255728	Italy
Skiantos	314177	Italy
Skousen & Ingemann	532042	Denmark
Skylark	931486	Italy
Sleep Party People	1533658	Denmark
Sleiman	5134104	Denmark
Slåbrock Band	1292568	Denmark
Sneakers	2659274	Denmark
Sods	289759	Denmark
Solidea	1754972	Italy
Solis String Quartet	900005	Italy
Somma	145576	Italy
Sonic Jesus	3087778	Italy
Sonic Wolves	4419380	Italy
Sonohra	1768777	Italy
Sophie	36240	Italy
Sorella Maldestra	599436	Italy
Sorelle Marinetti	3354268	Italy
Sorry, Heels	4219644	Italy
Sort Sol	275907	Denmark
Sottopressione	371948	Italy
Sottotono	473692	Italy
Soul Secret	1355658	Italy
Soulmagic	96207	Denmark
Soulstance	5742	Italy
Sound Storm	3092496	Italy
Soviet Soviet	1769031	Italy
Space 1	148766	Italy
Space Master	43818	Italy
Space Paranoids	4501304	Italy
Sparkle in Grey	225834	Italy
Spellband	29051	Italy
Spids Nøgenhat	1525304	Denmark
Spiller	9066	Italy
Spiritual Bats	1251174	Italy
Spiritual Front	73018	Italy
Spite Extreme Wing	192005	Italy
Spleen United	361945	Denmark
Squadra Omega	1319600	Italy
Squallor	368478	Italy
Sshe Retina Stimulants	73083	Italy
Stadio	490242	Italy
Stage	173020	Italy
Stamina	4462604	Italy
Starfuckers	224817	Italy
Starfuckers2	707598	Denmark
State of the Art	342257	Italy
Statsradiofoniens Symfoniorkester	5558620	Denmark
Statuto	1806890	Italy
Stazione Suicida	313937	Italy
Stearica	1192098	Italy
Stefania Rotolo	593645	Italy
Stefano Bellotti	716379	Italy
Stefano Bollani	243671	Italy
Stefano Di Battista	73857	Italy
Stefano Di Carlo	40853	Italy
Stefano Noferini	4240	Italy
Stefano Pilia	413611	Italy
Stefano Rosso	1563967	Italy
Stefano Sani	383181	Italy
Stefano Scodanibbio	214407	Italy
Stefano Secchi	80366	Italy
Stefano Torossi	9762	Italy
Stella Diana	3355836	Italy
Stelvio Cipriani	125377	Italy
Steppeulvene	762948	Denmark
Steve Rogers Band	371805	Italy
Stinky Rats	1309434	Italy
Stormlord	251702	Italy
Stormo	1935508	Italy
Stormy Six	282973	Italy
Stradaperta	2010153	Italy
Strana Officina	1713369	Italy
Strike	1382056	Italy
Stylóo	459446	Italy
Suarez	4130664	Italy
Subsonica	237324	Italy
Subterraneans	1013964	Italy
Sud Sound System	455362	Italy
Sueño Latino	649	Italy
Sunday	446512	Italy
Super B	918943	Italy
Super Elastic Bubble Plastic	2023385	Italy
Superdownhome	6823412	Italy
Supermarco May	102515	Italy
Susi Hyldgaard	326376	Denmark
Suspekt	489713	Denmark
Svend Asmussen	95459	Denmark
Svend Asmussen Sextet	2046112	Denmark
Svend Asmussens Kvintet	4310416	Denmark
Svend Asmussens Orkester	2232743	Denmark
Svend Asmussens Skandia Trio	3738699	Denmark
Swan Lee	89814	Denmark
Sylvano Bussotti	177344	Italy
Sylvester Og Svalerne	762839	Denmark
Symbiosi	563806	Italy
Synthesis	74337	Italy
Syria	890020	Italy
Syrian	159689	Italy
Sys Bjerre	760455	Denmark
Sys Gregers	1926904	Denmark
System 3	1734	Italy
Systematic	21101	Italy
Søren Huss	771237	Denmark
Søren Kragh-Jacobsen	707368	Denmark
Søs Fenger	539938	Denmark
TNT	99571	Denmark
Takagi & Ketra	5045061	Italy
Tale of Us	1873739	Italy
Taleesa	46003	Italy
Tampax	311319	Italy
Tasaday	138231	Italy
Tati Casoni	1338658	Italy
Tau Ceti	35992	Italy
Taurino Parvis	2818826	Italy
Taxi	1498397	Italy
Tazenda	1546033	Italy
Technoboy	51564	Italy
Tecla Insolia	7650126	Italy
Teddy Petersen Og Hans Orkester	3736769	Denmark
Teddy Reno	926969	Italy
Tedua	5349962	Italy
Teho Teardo	369655	Italy
Tempelhof	1664736	Italy
Temperance	4380179	Italy
Tempi Duri	1141470	Italy
Tempo Zero	1263150	Italy
Tenebrae in Perpetuum	427745	Italy
Tenebro	7057432	Italy
Tenna Frederiksen	4097774	Denmark
Tenores di Bitti Mialinu Pira	11446013	Italy
Tenores di Bitti Remunnu 'E Locu	634178	Italy
Teresa De Matienzo	1780093	Italy
Teresa De Sio	664145	Italy
Teresa Rampazzi	221990	Italy
Thallulah	3397851	Italy
Thasup	6929373	Italy
That's All Folks!	1150189	Italy
The Analogue Cops	1634149	Italy
The Armed Gang	99787	Italy
The Birdmen of Alkatraz	1716326	Italy
The Blaster	20464	Italy
The Bloody Beetroots	1100480	Italy
The Blues Against Youth	2011965	Italy
The Bone Machine	2157792	Italy
The Boulevard Connection	27520	Denmark
The Braen's Machine	3657661	Italy
The Carnival of Fools	552065	Italy
The Clover	1139301	Italy
The Creatures	145611	Italy
The Crooks	1044473	Italy
The Danish Sharks	1928202	Denmark
The Death of Anna Karina	1614466	Italy
The Destroyer	24394	Italy
The Devils	5127334	Italy
The Dining Rooms	8142	Italy
The Doubling Riders	814359	Italy
The Duke of Burlington	194714	Italy
The End of Six Thousand Years	2002626	Italy
The Fire	628992	Italy
The Foreshadowing	1012486	Italy
The Frozen Autumn	94685	Italy
The Gods Planet	1738189	Italy
The Good Fellas	2011936	Italy
The High Five Quintet	690852	Italy
The Intellectuals	1620409	Italy
The Invisible Session	429654	Italy
The KGB's	85741	Italy
The Kolors	4416505	Italy
The Kordt Sisters	2425462	Denmark
The Land of the Snow	3187190	Italy
The Lay Llamas	2988479	Italy
The Manges	452714	Italy
The Minds Of 99	3489161	Denmark
The Mojomatics	1793544	Italy
The Nerds	1785003	Italy
The Niro	1607816	Italy
The Okey-Dokies	2986738	Denmark
The Old Man & The Sea	1589669	Denmark
The Others	930654	Italy
The Psyke Project	692229	Denmark
The Rapino Brothers	903	Italy
The Raveonettes	200321	Denmark
The Rogers	828135	Italy
The Sandmen	535750	Denmark
The Savage Rose	401513	Denmark
The Seebach Band	431736	Denmark
The Sickest Squad	249669	Italy
The Smuggler Brothers	4721229	Italy
The Soundlovers	42264	Italy
The Sphere	809705	Italy
The Stunned Guys	15310	Italy
The Sun	1561163	Italy
The Uninvited	1439498	Italy
The Watch	1437752	Italy
The Winstons	4814660	Italy
The Wishmaster	25959	Italy
Thee Maldoror Kollective	413276	Italy
Thee S.T.P.	1357527	Italy
Thegiornalisti	2458391	Italy
This Side Up	715904	Italy
Thomas Blachman	435659	Denmark
Thomas Buttenschøn	760457	Denmark
Thomas Helmig	203916	Denmark
Thomas Helmig Brothers	1270023	Denmark
Thors Hammer	930327	Denmark
Three Second Kiss	503108	Italy
Three Steps to the Ocean	1162040	Italy
Throuroof	771239	Italy
Thunderstorm	320711	Italy
Thy Majestie	1048657	Italy
TiPiCal	46190	Italy
Tim Christensen	257958	Denmark
Time	19798	Italy
Time Machine	1241044	Italy
Timoria	361405	Italy
Tina Allori	1028577	Italy
Tina Dickow	316085	Denmark
Tino Vailati	1051278	Italy
Tiromancino	379963	Italy
Tito Gobbi	1341603	Italy
Tito Schipa	929908	Italy
Tito Schipa Jr.	1736801	Italy
Titta Ruffo	1393386	Italy
Tiziana Ghiglioni	2168241	Italy
Tiziana Rivale	380872	Italy
Tiziano Ferro	286825	Italy
Tiziano Popoli	516001	Italy
Tobias Rahim	4435599	Denmark
Tommaso Cappellato	1332873	Italy
Tommaso Leddi	545386	Italy
Tommaso Paradiso	6142277	Italy
Tommy Seebach	493503	Denmark
Tommyknocker	20226	Italy
Tonico 70	5141700	Italy
Tonina Torrielli	1226308	Italy
Tons	486142	Italy
Tony Arden	1439933	Italy
Tony Bruni	2501384	Italy
Tony Cicco	368885	Italy
Tony Cucchiara	869790	Italy
Tony Dallara	528361	Italy
Tony Dee	1494180	Italy
Tony Del Monaco	1018682	Italy
Tony Esposito	61848	Italy
Tony Maiello	3224818	Italy
Tony Renis	326119	Italy
Tony Rusconi	724480	Italy
Tony Santagata	712038	Italy
Tony Tears	618030	Italy
Topgunn	2425531	Denmark
Topper	812002	Italy
Torment	3792243	Italy
Tormento	668530	Italy
Toro Toro Taxi	4254021	Italy
Tosca	647570	Italy
Toti Dal Monte	974481	Italy
Toto Cutugno	215246	Italy
Totò Savio	197531	Italy
Train to Roots	2884146	Italy
Traks	112758	Italy
Trance Generators	44946	Italy
Trapcoustic	2595052	Italy
Tre Allegri Ragazzi Morti	1589539	Italy
Trees	354999	Italy
Trentemøller	117914	Denmark
Tricarico	1299766	Italy
Trick or Treat	3210689	Italy
Trille	707372	Denmark
Trine Dyrholm	924338	Denmark
Trio Aurora	1211760	Italy
Trio Cavalazzi	5898405	Italy
Trio Lescano	921307	Italy
Tropic of Cancer	1545928	Italy
True Sleeper	6832634	Italy
Tsubo	1516677	Italy
Tullio De Piscopo	31759	Italy
Tullio Mobiglia	765166	Italy
Tullio Pane	1799128	Italy
Turi	996613	Italy
Tutti Fenomeni	6546603	Italy
Twenty Four Hours	2006847	Italy
Two Bo's Maniacs	1243594	Italy
Tying Tiffany	360585	Italy
Têtes de Bois	1633836	Italy
Tørfisk	1039202	Denmark
Tøsedrengene	426633	Denmark
U.S.U.R.A.	66256	Italy
UT	1611063	Italy
Uffe Lorentzen	1598223	Denmark
Ufo Piemontesi	1179478	Italy
Ufomammut	536837	Italy
Ugo Tansini	2464761	Italy
Ugolino	1999860	Italy
Ulrik Neumann	727951	Denmark
Ultimo	62406	Italy
Ultra-Violence	3070465	Italy
Umberto Balsamo	370781	Italy
Umberto Bindi	636433	Italy
Umberto Marcato	503074	Italy
Umberto Napolitano	907891	Italy
Umberto Tozzi	176185	Italy
Under Byen	239257	Denmark
Underage	1194611	Italy
Underfish	111912	Italy
Undergang	1805807	Denmark
Underground Life	697022	Italy
Unexist	23423	Italy
Universal Totem Orchestra	1684085	Italy
Unreal City	4154147	Italy
Untitled Noise	5185356	Italy
Uochi Toki	681136	Italy
Upset Noise	275697	Italy
Urna	1411626	Italy
Usipian	1444690	Denmark
Uto Karem	780742	Italy
Uzeda	387784	Italy
VINAI	3647682	Italy
VOLA	3652537	Denmark
Valdemar Davids	2986835	Denmark
Valdemar Schiøler Linck	3176060	Denmark
Valentina Dorme	2769287	Italy
Valentina Giovagnini	916927	Italy
Valeria Rossi	414913	Italy
Valerie Dore	44955	Italy
Valerio Scanu	3866902	Italy
Vallanzaska	1199983	Italy
Valvola	86611	Italy
Vanadium	979165	Italy
Vanessa Van Basten	832961	Italy
Vanexa	1954958	Italy
Vanilla Sky	308592	Italy
Vasco Rossi	130185	Italy
Vasso Ovale	1066396	Italy
Vegas Jones	5685253	Italy
Venegoni & Co.	1116081	Italy
Venerus	6678021	Italy
Verdena	441452	Italy
Verme	2211715	Italy
Vernice	703755	Italy
Veto	558507	Denmark
Via Dolorosa	547841	Italy
Via Verdi	287143	Italy
Victor Cornelius	727966	Denmark
Vilhelm Herold	1233636	Denmark
Vincenzo Bettoni	1581054	Italy
Vincenzo Zitello	516519	Italy
Vinicio Capossela	401936	Italy
Vinnie Who	1736469	Denmark
Viola Valentino	380862	Italy
Violet Eves	1156947	Italy
Virgin	91762	Italy
Viridanse	1377603	Italy
Virtualmismo	9712	Italy
Vision Divine	406888	Italy
Vittoria Mongardi	1719291	Italy
Vittorio Gelmetti	51672	Italy
Vittorio Marsiglia	2968656	Italy
Vittorio Paltrinieri	296969	Italy
Vivien Vee	36202	Italy
Voices From the Lake	2302007	Italy
Void of Silence	573501	Italy
Volbeat	537021	Denmark
Volpini Volanti	432287	Italy
Voodoo Hill	388261	Italy
Vultures Vengeance	5311475	Italy
Vulvatorious	11197568	Denmark
WEIRD.	3423836	Italy
Walter Foini	1016664	Italy
Walter Marchetti	79245	Italy
Walter Prati	65625	Italy
Walter Rizzati	316759	Italy
Wanda Osiris	1031381	Italy
Wasting Program	15665	Italy
We Wait for the Snow	810130	Italy
Web	12503	Italy
Wera Nepy	2803507	Italy
When Saints Go Machine	1191739	Denmark
Whiskey Ritual	2547245	Italy
White Skull	253170	Italy
Wicked Dub Division	1119038	Italy
William Medagli	2687194	Italy
Willie Peyote	4142391	Italy
Wilma De Angelis	1502336	Italy
Wilma Goich	1020377	Italy
Wind Rose	3091790	Italy
Winged	2355395	Italy
Winstrup Olesen's Bellevue Orkester	5939153	Denmark
Winter Dust	3874517	Italy
Wish Key	98606	Italy
Witch Cross	1521273	Denmark
Witchwood	4396381	Italy
Wotan	2378945	Italy
Wretched	264109	Italy
Wrongonyou	6395747	Italy
XL	32175	Italy
XP8	149439	Italy
Xenoblight	6298973	Denmark
YAGO	104930	Italy
Yasmin	157594	Denmark
Yo Yo Mundi	1131686	Italy
Young Flowers	1640133	Denmark
Yu Kung	1060466	Italy
Yuppie Flu	64038	Italy
Yügen	1645928	Italy
Zanagoria	1371264	Italy
Zatox	119945	Italy
Zeit	2162539	Italy
Zen Circus	503173	Italy
Zenith	5944	Italy
Zero Assoluto	238957	Italy
Zeus!	1888456	Italy
Zibba e Almalibre	2040068	Italy
Zu	212096	Italy
Zucchero	176435	Italy
dARI	1554289	Italy
gAs	1471119	Italy
tv-2	465093	Denmark
Østkyst Hustlers	396477	Denmark
Üstmamò	598804	Italy
